statistic_name,stage_t,mean,se,median,p95,p99,bootstrap_ci_low,bootstrap_ci_high
intercept_gap,0,168.788032964589,1.02085458096727,160.906967422606,252.93411431141,305.608955670023,166.761297525419,170.723486814622
intercept_gap,1,164.197045853766,0.974255196188172,156.877069918568,247.143690304251,285.945129074626,162.387164041744,166.104043958468
intercept_gap,2,163.272898930048,0.950769872446704,157.717943479437,240.086470659772,294.814228004085,161.469233337745,165.179017949958
intercept_gap,3,160.18202161414,0.966437403467913,152.189112292532,241.764692670468,295.211039303335,158.321504491276,162.132682826771
intercept_gap,4,159.664380550604,0.930640568604382,153.014308185549,242.847797548117,282.012649712335,157.882999619868,161.433635534001
intercept_gap,5,157.639601511252,0.94948770763511,150.910791534666,236.227674692738,293.085428211703,155.796839698257,159.53165957383
intercept_gap,6,154.775466235832,0.927118669799367,147.567263014866,234.290355532154,286.371833422506,152.955697003798,156.52540571072
intercept_gap,7,154.678763558084,0.931324467324587,148.079577894214,231.958151152701,286.742870761363,152.815100642326,156.489038074483
intercept_gap,8,152.542329601909,0.922740867341389,145.755741972883,229.459307137728,276.424210081753,150.766092448867,154.322599772472
intercept_gap,9,149.640422829848,0.878335237937236,143.576736504225,222.535433415661,270.319599682172,147.902402122053,151.287959526521
intercept_gap,10,145.796721571177,0.876917204177548,140.393861353715,219.162119287287,263.618727729183,144.123609056819,147.527063427576
intercept_gap,11,146.055715763003,0.868886400811017,140.042348408131,218.536842305125,264.128063645016,144.479453801193,147.785373875909
intercept_gap,12,143.189534798894,0.854109118644736,138.396639087317,212.974165199472,260.331557192099,141.57221707179,144.858825017593
intercept_gap,13,141.330483351687,0.863572924283493,135.751130337707,214.07430026551,263.13903482044,139.644543938617,142.997950383195
intercept_gap,14,138.881410033789,0.855227308638,133.004779452105,208.991772173366,263.774089142277,137.253807156331,140.565014699747
intercept_gap,15,137.637642081796,0.815783668057628,131.817374125392,206.251668415144,252.57771164071,135.992197912602,139.237132145673
intercept_gap,16,134.266824290262,0.808333004024831,128.571559800498,201.175471889797,248.091912941332,132.672251853787,135.799221190752
intercept_gap,17,132.311828635329,0.789395881883311,126.714019544462,198.506278731766,240.28048866881,130.726935496604,133.834157136774
intercept_gap,18,129.566978957711,0.759253071146272,124.903782896021,190.485742805126,231.097099806231,128.100266654393,131.052201809843
intercept_gap,19,127.835973377683,0.77009855855933,122.553663285704,189.902844186087,238.75449016691,126.374231408102,129.364202908083
intercept_gap,20,122.677246011182,0.706877851882663,118.277289248335,181.970030908733,217.727297234922,121.286138316157,124.067800465286
intercept_gap,21,124.083772316776,0.743592434251114,118.71980638921,183.345141539641,222.269073387059,122.671361881731,125.626182487335
intercept_gap,22,120.243675910029,0.698741408709647,115.534344025911,177.421026145181,212.799130818683,118.889932323423,121.555119757405
intercept_gap,23,116.566056164821,0.693290334179091,112.724714653285,172.576287179276,209.437163638419,115.159896657847,117.96205274622
intercept_gap,24,115.561761676377,0.705361323721759,110.965269195299,173.428355202222,216.571052061586,114.198318340023,117.011129925697
intercept_gap,25,114.201918318757,0.694957708150705,109.69144716297,171.452879311708,219.297772567081,112.79197181107,115.557330747534
intercept_gap,26,109.790344002066,0.65340338909692,104.759922312465,164.628816554,201.190616473181,108.481630751502,111.072101927451
intercept_gap,27,106.287894043763,0.620281098380367,102.434835450906,155.743233061072,191.631942877829,105.087546053161,107.477507664268
intercept_gap,28,104.077456536604,0.616655015252299,100.036798492709,155.234188380835,191.476340461379,102.922092907416,105.300096196034
intercept_gap,29,100.391502853603,0.590562992939879,96.1985691138737,153.048147320775,176.660130114478,99.2791738352729,101.521807418986
intercept_gap,30,98.4522457118067,0.581642184131227,94.3171218029601,146.53425362726,179.135476327341,97.2710670366223,99.587598805494
intercept_gap,31,93.2411021102765,0.524123339981981,90.0685530813615,137.887289673812,163.641553707762,92.2287283489179,94.2630897564371
intercept_gap,32,92.267441652997,0.547116177747195,88.8121501355868,137.466379513557,168.4278343663,91.1522769135977,93.3394946733183
intercept_gap,33,88.9656354299726,0.512620895313208,85.478617090152,132.144369180738,162.222045144648,88.0054764801914,89.9455841760017
intercept_gap,34,85.3059626328169,0.486272760738741,81.7833253470988,125.391786236405,150.465791561869,84.3773396813678,86.3146628678261
intercept_gap,35,82.2326370366704,0.482910896196506,79.1454065654183,122.866694808559,148.720072436209,81.2558465443904,83.1946413925683
intercept_gap,36,79.4302619734274,0.468405940813533,76.2578803598066,117.29002409833,146.45591722265,78.4923730720199,80.3454761101567
intercept_gap,37,76.257769617076,0.452542647327929,73.0221963886196,113.038793248145,139.272270957096,75.3851850048779,77.0864545682736
intercept_gap,38,71.4784285785106,0.423920927339689,68.4039624193471,105.560476776255,132.264823727778,70.6015292369617,72.3194257100459
intercept_gap,39,67.9008221145727,0.398849951497331,65.2663753973707,100.726765873051,123.669008899428,67.1250549350106,68.6901450345888
intercept_gap,40,63.3818417374329,0.368879377933524,60.7869286574432,92.645505761654,115.178985059525,62.6925960271691,64.0899385833335
intercept_gap,41,58.8524604749093,0.349572286265271,56.3222371726103,87.3727539913359,109.567193475741,58.1619021820444,59.5187089778386
intercept_gap,42,55.0530028983496,0.330459551376628,52.7878487198034,81.6483402025295,102.495390797513,54.3760551825434,55.6618759712588
intercept_gap,43,50.2875610747833,0.295850242744692,48.7236706849473,73.8392033772542,95.4497076469218,49.7247968677191,50.8559537311388
intercept_gap,44,44.9758077443284,0.272280099643709,43.277491815096,66.8795716307861,83.7185626393654,44.4371525540414,45.5400575565278
intercept_gap,45,39.071559469546,0.227172795012264,37.4958359085726,57.8656049858211,69.5769081550457,38.6537948756177,39.5228275078571
intercept_gap,46,32.3200747771716,0.190263179793261,31.1457118290904,48.4986461791472,58.3177025946352,31.9535372738852,32.6989067699996
intercept_gap,47,24.2273826409482,0.143010397646618,23.2653026583248,35.5760308253476,43.1261752897268,23.9613462169859,24.5097263453468
intercept_gap,48,13.9555240493724,0.085773098455465,13.3138656877762,21.0687372464251,25.4020150744929,13.7838285410117,14.1193081464708
intercept_gap,49,0.0380238382233918,0.000169931368894345,0.0382584789651464,0.0497133571849756,0.0561373666278374,0.0376995615675612,0.0383562961660169
slope_gap,0,61.9509057585465,0.351759059763817,59.3619412684129,91.0381105736396,109.333794825751,61.244457020834,62.6455824277283
slope_gap,1,60.8706894752448,0.340867999114737,58.3896836214516,89.8249106548651,103.334533090595,60.2209043737214,61.557098516448
slope_gap,2,61.1336023902678,0.336077712052007,59.1715984094129,88.5499141725164,106.945112632781,60.4822336940517,61.8134619247159
slope_gap,3,60.5276231021932,0.344356692124413,57.8662572247968,89.5144924179352,107.566131875469,59.8664184062829,61.2229264835105
slope_gap,4,60.8964614979452,0.335109785460084,58.5171298056206,90.2112396361331,105.297899670212,60.2612147971527,61.5606605916653
slope_gap,5,60.8029582207771,0.345831624143788,58.4110145935181,89.0756607544308,109.438257379398,60.1028578089403,61.4836635820917
slope_gap,6,60.2933320424593,0.340553220525226,57.5669254977359,89.6965513882549,107.788874952863,59.5897790958232,60.9974097535656
slope_gap,7,60.8641533340659,0.346518311783559,58.3901454254109,89.7883320921982,109.396281557547,60.1902116571846,61.5680799727905
slope_gap,8,60.6090652621778,0.346657594616766,58.0888474950468,89.7704314301006,106.776329438978,59.9029529835638,61.283936203241
slope_gap,9,60.1433010644524,0.333207033371171,57.9229834747373,87.8201188319894,105.0361775973,59.5170466528334,60.8257276963589
slope_gap,10,59.3206007495093,0.336773736873706,57.3622357782806,87.605271704008,104.161236846452,58.6685877746758,60.006677290547
slope_gap,11,60.012233464942,0.337233918401131,57.7841711798402,88.0150054669953,104.538466323767,59.380335282999,60.6601820584509
slope_gap,12,59.5443565215774,0.33527169229665,57.568052571209,86.6994031734346,105.13687419076,58.9011602114115,60.177416985731
slope_gap,13,59.4579457815554,0.342883435085039,57.2988566198448,88.3721629196357,105.550111496102,58.8274963876784,60.1047229600155
slope_gap,14,59.1413820848383,0.345501570087018,56.9388700800108,87.6926882598495,109.97961771758,58.4941683846112,59.8382877794976
slope_gap,15,59.286924785869,0.334087280626586,57.0265982717739,86.9464847004316,106.717234839694,58.629393032106,59.9449989249267
slope_gap,16,58.6152059326623,0.335150186728207,56.2350334177847,86.2726882062773,104.659115598368,57.9791107031838,59.2934149236769
slope_gap,17,58.4591714526302,0.330002576742754,56.2590194183528,85.9354258561868,103.034922985743,57.8212254401558,59.0819430021213
slope_gap,18,58.0123205841513,0.323088317324831,56.1030145058144,83.5835507048801,100.60068859039,57.3891455587183,58.65949354286
slope_gap,19,57.9695168766713,0.330814921085253,55.7989904946321,84.8801484647543,104.657674736171,57.3256564294464,58.6275712062224
slope_gap,20,56.552904744534,0.310487316197188,54.5303612797032,82.5880562302376,98.9118206718655,55.9383344256211,57.1750655895023
slope_gap,21,57.8357651151973,0.329474393114827,55.6246636012465,84.1366384127306,100.665726704765,57.1800600088767,58.4866160356503
slope_gap,22,56.850161034709,0.313595586069053,54.9327521145931,82.5682405646017,98.5964638884445,56.2249517984096,57.4610165043114
slope_gap,23,55.9796802480279,0.317177046746008,54.0511061175422,81.7474028956828,97.4804817529229,55.3863040741,56.6323268684228
slope_gap,24,56.2941057808667,0.3274867708751,54.3010776143276,83.4326957118697,103.404529627638,55.6272309388052,56.92552517336
slope_gap,25,56.4341936088738,0.327132114781282,54.3125124779206,83.3967665744408,105.564730866356,55.8118739918203,57.0915343519315
slope_gap,26,55.1498526236155,0.313966389571839,52.8692193375448,81.8232403205119,98.5780659178391,54.5604784520444,55.733076787911
slope_gap,27,54.2955128637062,0.302718896712216,52.5740361548898,78.8128501833961,94.8507946434624,53.6890847171675,54.8858223003658
slope_gap,28,54.0038653260469,0.306928718422816,51.9293070857417,79.65292455587,97.3055192350366,53.3901701039859,54.5669156338411
slope_gap,29,53.0501246773326,0.298294364696876,50.9407823468665,79.894829611229,91.1660748772616,52.4557135383734,53.6351485915136
slope_gap,30,52.8994638010732,0.2990646583318,50.8875156379149,77.5617285229598,94.2581631828742,52.3202814636726,53.4953178318166
slope_gap,31,50.9956663736779,0.2756464888544,49.4001293204354,74.3082981805651,87.2894051632728,50.4375061551338,51.5678819118945
slope_gap,32,51.3850639364523,0.293901311650398,49.3932778409647,75.6340369452611,91.9468922857245,50.8273869074606,51.9637902424427
slope_gap,33,50.5748203762096,0.279979812869824,48.5828984224107,73.9448303961914,90.2585187211922,50.0411837500134,51.1147551408504
slope_gap,34,49.439954772523,0.270913067645373,47.4344751241192,71.8415613043592,85.7052502805655,48.9142745383035,49.9782493940022
slope_gap,35,48.6696150504078,0.275300611184024,46.9060898845366,71.8744730562407,85.7652923794764,48.1346904380396,49.1764842788618
slope_gap,36,47.9771653252224,0.273442339101588,46.0755935510731,70.6052864699045,87.2846875534491,47.4536028509871,48.5432179992919
slope_gap,37,47.1044940825665,0.270261926958938,45.181126417711,68.9190719917782,85.7938976465186,46.5834984160678,47.6367758872826
slope_gap,38,45.2292954905605,0.257894190016203,43.414035355346,66.326221600425,81.4535679318588,44.7512768158457,45.7486848089498
slope_gap,39,44.0301575970493,0.249615493213464,42.4089982322194,64.8344086271239,78.8225711205123,43.5495951121987,44.5024354810405
slope_gap,40,42.1955652881682,0.237391797104596,40.6847768462045,61.2054686842706,75.1243289039179,41.7489488029959,42.6813468599672
slope_gap,41,40.2797301557376,0.230810923723865,38.6395950115641,59.0930114829405,73.1459468296317,39.8218410327479,40.7312485741105
slope_gap,42,38.7916579559111,0.224411893594038,37.2401368080722,56.8553223627545,71.1976838616655,38.3679442704461,39.248333360611
slope_gap,43,36.5170786587029,0.208491231824114,35.4328196335831,53.1177889409836,66.1776794127113,36.127078185857,36.9462896070917
slope_gap,44,33.8915085755249,0.19904036750495,32.5958868754278,50.3257682759886,61.9084552811214,33.4985565798554,34.2603337142941
slope_gap,45,30.5781661945324,0.172372497217323,29.4695925874695,44.8547668735391,54.156440246731,30.2389944627976,30.9190485511802
slope_gap,46,26.5024239384267,0.151882234934152,25.5167864986262,39.3516676083716,47.2677698137959,26.2110576223111,26.8014129347155
slope_gap,47,20.9984724684275,0.120956512878997,20.2980403038584,30.9405399485038,37.0344577390866,20.7580492952357,21.227643366122
slope_gap,48,12.9765700070744,0.079579606806457,12.4299235078226,19.6487691579949,23.5780161463548,12.8281375729569,13.1285717529473
slope_gap,49,0.305710338574558,0.00331259707415828,0.272744799469082,0.54750245830311,1.01004728734304,0.299234261865942,0.312244934953511
intercept_angle,0,2.52261337058276,0.0330422858912823,2.25498201738131,5.39500450491431,7.09768514033489,2.45900141492985,2.58807121382908
intercept_angle,1,2.40852919303378,0.0328254936185143,2.09251305168605,5.12871975286079,7.12718838329095,2.34630789965213,2.47420857025799
intercept_angle,2,2.46672761297471,0.031663899983455,2.1842864210315,5.18534042637273,6.70748768143669,2.40497598104699,2.52950795532389
intercept_angle,3,2.49818042683045,0.0323042987940819,2.18264882686798,5.3670286150543,7.0146120951613,2.43446819108671,2.56231189276635
intercept_angle,4,2.42057988890976,0.0314188128981562,2.16299293775549,5.10865757668187,6.89451294329067,2.35716080749897,2.48544307313435
intercept_angle,5,2.44144527420612,0.0326670136834631,2.09974102849652,5.17642983738937,7.17257716590972,2.37755584279725,2.50928953092324
intercept_angle,6,2.35902294031563,0.0314766312363609,2.03464414018997,5.07884603869783,6.72923201684144,2.29843705806129,2.42061551998054
intercept_angle,7,2.47904046620654,0.0317743324363083,2.21512698115538,5.27372409145861,6.78347527317234,2.41956154746842,2.54185146862911
intercept_angle,8,2.47015940005153,0.0322817208312467,2.21464802894488,5.15511529754224,7.21632208920388,2.4105576537745,2.53312227082576
intercept_angle,9,2.50101762356582,0.0329213254059782,2.16163691564902,5.32035710576322,7.13799267144222,2.43888489948025,2.5630128423835
intercept_angle,10,2.48878156115535,0.0329110791950284,2.17495840302206,5.23435467176405,7.02185568972245,2.42248701647624,2.55658907284494
intercept_angle,11,2.42375718499788,0.0323059433549105,2.11574371874582,5.33556127853628,6.79532556574327,2.35898687200204,2.48631572027644
intercept_angle,12,2.47681476406837,0.032253196793692,2.19536912280132,5.28800032440787,7.00475907793272,2.41907616696958,2.5406664242107
intercept_angle,13,2.51293496960856,0.0333205998249229,2.20942000119822,5.36585064389363,7.13971403250953,2.45106017681947,2.57937261218961
intercept_angle,14,2.50208930758396,0.0333879927417755,2.23205185157253,5.33827351127828,7.18948786987527,2.43721466200428,2.56832755371572
intercept_angle,15,2.4564010054073,0.0323453198062332,2.15999631077097,5.20602456197847,6.86042539969173,2.39311690048429,2.52018914923818
intercept_angle,16,2.49837581183291,0.0335311190974212,2.1913866579134,5.44443880822022,7.18439562461004,2.43233412928268,2.56534387786729
intercept_angle,17,2.46119737021248,0.0321597130044119,2.17602778986262,5.27008326273462,7.00146717163843,2.39789327666247,2.52876633977181
intercept_angle,18,2.46565888213921,0.031787117388692,2.19579153722811,5.14566912004327,6.95495957811266,2.40314870464011,2.52706757023942
intercept_angle,19,2.53315881710112,0.0331487831763366,2.21646750906489,5.49552312987857,7.29463200382397,2.47095491319892,2.5996326200596
intercept_angle,20,2.51037090912804,0.0334056917118696,2.21490116836966,5.44644366274308,7.02981889146338,2.44666552963062,2.57659467949375
intercept_angle,21,2.47493510822791,0.0320377393900317,2.18497112661301,5.30603982711621,6.94685269817937,2.41450913692255,2.53989455459925
intercept_angle,22,2.47972577559064,0.0330383197222879,2.19039043223486,5.47479451384171,7.19975289685675,2.41570618852777,2.54551311142337
intercept_angle,23,2.46946079226558,0.0329514272573409,2.18418188417371,5.34468008100602,6.89615596517364,2.40517900499197,2.53365717134518
intercept_angle,24,2.55382321417488,0.0336637260625721,2.25219315338867,5.44697827131353,7.25565778541356,2.48710117242537,2.61620660861606
intercept_angle,25,2.4694389011161,0.0316360011925184,2.20493295584655,5.07208053403791,6.67904398103989,2.40551997255225,2.53029879706023
intercept_angle,26,2.4584661084157,0.0322320263679779,2.17596624424704,5.13644510533663,6.83534548174623,2.39447262577085,2.52252551127334
intercept_angle,27,2.48369788110183,0.033828113725304,2.17953571522849,5.28515738394153,7.50847058340756,2.41640476388658,2.55157637713989
intercept_angle,28,2.46064706018691,0.0326765385662386,2.13500579349529,5.30142321726816,6.91116496128812,2.39508829362191,2.52402693097757
intercept_angle,29,2.4899497501409,0.0317365179744036,2.1922862213665,5.24893439780733,6.93816537534757,2.42632702690264,2.55119767303778
intercept_angle,30,2.49021380963648,0.0330633214480617,2.17555097394617,5.40670492526776,7.25458363089854,2.42700887257476,2.55513328578318
intercept_angle,31,2.46340065736567,0.033446689494984,2.1076195197399,5.44814896661948,7.28983322325033,2.39980666258542,2.52919769448104
intercept_angle,32,2.49758298161466,0.0330804966494022,2.19721763960044,5.42106811404679,7.14842626386409,2.43312640471333,2.56309817824498
intercept_angle,33,2.48617679931028,0.0324761310363245,2.18125827125472,5.30988117441134,6.84942837927045,2.42059474031268,2.55020446684774
intercept_angle,34,2.437929323972,0.0308498968473653,2.16322028304289,5.12405328040342,6.69975777926413,2.38093568288767,2.49957796737229
intercept_angle,35,2.4176998747626,0.0308573905605564,2.15530213659189,5.10604920591786,6.54111873434885,2.35900487485168,2.47588011085049
intercept_angle,36,2.44562004119956,0.0318595941681795,2.13421576439056,5.29804906214624,6.84390486557888,2.38173906168024,2.50871253975375
intercept_angle,37,2.48022635937606,0.0332930553045762,2.20707246994309,5.34503312930634,7.23741626316012,2.41759703152126,2.545569144558
intercept_angle,38,2.41537393515899,0.031548068413087,2.12898057808377,5.13791619343059,6.78316689745905,2.35361423633827,2.4796225443471
intercept_angle,39,2.48430919596246,0.0324410595982111,2.16245566139375,5.40187775318146,6.95510441923961,2.42326688460322,2.54744888389092
intercept_angle,40,2.42562683080444,0.0310358059012512,2.14721572180123,5.06552545701482,6.81785620886603,2.36604649572829,2.48349720084014
intercept_angle,41,2.46293060709795,0.0321858455209294,2.19094286824336,5.25608110020799,7.11159349149097,2.39823236638346,2.52606354011509
intercept_angle,42,2.47974244689301,0.0331949522285348,2.14386563020986,5.21599131668012,7.0738756414103,2.41285880378668,2.54458006502628
intercept_angle,43,2.43357516597337,0.0323193656458255,2.16362040846532,5.1736942597729,6.97807286098435,2.37296621318,2.49814347381176
intercept_angle,44,2.4922390820532,0.0327465702453003,2.19937416185578,5.28816739555749,7.25105958037236,2.4252828289517,2.56033868773532
intercept_angle,45,2.43542542444871,0.0318996306022576,2.18360608838426,5.2326250145625,7.00899764610563,2.37125383864962,2.50208596130772
intercept_angle,46,2.39877423488708,0.0318282644211883,2.10546494475808,5.0673017181935,6.89577731776867,2.33588294959165,2.4611916441631
intercept_angle,47,2.40331342517463,0.0311476832581501,2.13872652824678,4.96120341506833,7.22574223133516,2.3405133431991,2.46609416050955
intercept_angle,48,2.28537777524335,0.0294737877133684,2.03022607630654,4.74571130789895,6.34396655912137,2.22520082718383,2.34143120569714
intercept_angle,49,2.24474433750294,0.0335053742522872,1.90216002478685,5.13714541366782,7.39213345106643,2.18086745618448,2.30845843344589
slope_angle,0,80.5735828172848,0.0417076976281755,80.6285286553681,83.5184952988664,84.5603246929998,80.4928820457641,80.6522834124116
slope_angle,1,80.5417967984175,0.0413449501838193,80.6500423795492,83.3934928537291,84.3574876819839,80.4631059110707,80.6224153915607
slope_angle,2,80.6007063327017,0.0419183975412483,80.7569572837205,83.4641756074113,84.4594712838332,80.5181572750591,80.682456294717
slope_angle,3,80.5554433650412,0.04215868614828,80.6425410900321,83.5495567124955,84.5310103685162,80.4713465719085,80.640429751171
slope_angle,4,80.6891247312112,0.0412443428529867,80.7767104109419,83.4980472558553,84.4494881456681,80.6067210868481,80.7680092571704
slope_angle,5,80.6648065180041,0.041370328634206,80.8292115225245,83.4490799983822,84.3812221175664,80.5823622383683,80.7463667886193
slope_angle,6,80.6716591094179,0.0421669621088312,80.8262849921633,83.5674439248421,84.5753328799476,80.5862182592298,80.7545913215328
slope_angle,7,80.77052722745,0.0426319212113772,80.8712875634241,83.6762654759537,84.5667021241316,80.6878721465234,80.855648654818
slope_angle,8,80.791311215701,0.0429005670027083,80.8900309610022,83.7790101785137,84.8752368561169,80.7132543327153,80.8777549495015
slope_angle,9,80.8081416356078,0.0421721489537368,80.9318598237331,83.6826253133206,84.8408836601662,80.7281067067697,80.8861771685729
slope_angle,10,80.6993218075998,0.0437067253757046,80.774514956518,83.7461645096606,84.7123280803607,80.6104049228769,80.7808676253204
slope_angle,11,80.8551656468065,0.0426936607348771,80.9535119880267,83.7756057746064,84.9507180748338,80.7739952018167,80.9375209716861
slope_angle,12,80.821713821084,0.0445924055844932,80.99612312591,83.8610397196097,84.623482772401,80.7341217084726,80.9076547148727
slope_angle,13,80.8542585002754,0.0444794505889076,81.0084552859254,83.9496768031751,85.1047021399674,80.7683721557914,80.9397445106551
slope_angle,14,80.8271713900096,0.0441898290790612,80.9695716551931,83.8430624752334,84.7619059204202,80.7414584564439,80.9070831975928
slope_angle,15,80.9407722336682,0.0436937923716875,81.0208035813961,83.9657410479367,84.8913511122737,80.8561430804545,81.0240644752639
slope_angle,16,80.8412631246387,0.0446228120291365,80.9695876081659,83.9433876897023,84.9480013980907,80.7575434790063,80.9274604044238
slope_angle,17,80.9320863566653,0.0437028508141827,81.0161068132081,83.9903819469597,84.9974007364891,80.8449088535988,81.0167425816008
slope_angle,18,80.9286736878858,0.0437866122516712,80.9935484249804,83.9803463527959,84.9034406822631,80.8411456121346,81.0142908540346
slope_angle,19,80.9809255527857,0.0446942164733581,81.0822679747731,84.0598163669998,85.0822378403381,80.8924335190971,81.070755053117
slope_angle,20,80.7743102735902,0.0434755755299465,80.7983673871679,83.8037908521094,84.8506447328266,80.6879201243684,80.8641092658081
slope_angle,21,81.0020735833671,0.0443821888827393,81.1496703706917,84.0509714981388,85.2496351616648,80.9139635523301,81.0876023269306
slope_angle,22,80.9530701267303,0.0450477787487544,81.1082046649379,84.0766733564447,85.1765809160519,80.8669444497418,81.0437480908831
slope_angle,23,80.8557816065024,0.0458537681763743,80.9632613316985,83.9246099183021,85.0213813639446,80.7632074714261,80.9469582993717
slope_angle,24,80.920219789505,0.0458464487150397,81.0492337783041,84.0862790510683,85.0941465121581,80.8295019881014,81.0110451427353
slope_angle,25,80.9927967224733,0.0455329152932406,81.0883658466024,84.162171854272,85.4296234636508,80.901459643678,81.0820048680863
slope_angle,26,80.8738436878561,0.0448380005853126,80.9938554333351,84.0286643026154,84.9921718882,80.7887254685119,80.9617094921451
slope_angle,27,80.813687054628,0.047712430009589,80.9932441270954,84.0404558291831,85.2408407375901,80.7176562866959,80.9037878296452
slope_angle,28,80.8472346162227,0.0462673349543072,80.981967603207,83.9540192867671,85.0521441191461,80.753619873381,80.9422125045732
slope_angle,29,80.6918428784369,0.0481440259972224,80.8614255774521,83.9518259925562,85.1591048486419,80.5967027435229,80.7871609429217
slope_angle,30,80.7494576956466,0.0477280412039655,80.8755497725319,84.0740391933852,85.3669327417277,80.65802235314,80.8430916904274
slope_angle,31,80.5815574565367,0.046716031338891,80.7123879533366,83.7655339594954,85.0279052872033,80.4903272933403,80.6707127135384
slope_angle,32,80.6168601868321,0.0483508136691415,80.7004029685834,83.8885872657372,84.7844759179555,80.5237419281758,80.7139238698459
slope_angle,33,80.4903204858543,0.0482039372900386,80.6716038501822,83.7227110628075,84.8858689992864,80.3918869891758,80.5875498319066
slope_angle,34,80.4077410581366,0.0490070218227385,80.5785610374336,83.7463956082706,84.909344828726,80.3122379885461,80.5002766619706
slope_angle,35,80.270330814231,0.0502602814112115,80.3992869563509,83.6745122566192,84.8541106569073,80.1682166005778,80.3697136839478
slope_angle,36,80.2024250767556,0.0518193650196656,80.3967845000518,83.6411345389818,84.6047493120975,80.0984168376398,80.3026185527758
slope_angle,37,80.078139396778,0.0527796495990095,80.2186111302025,83.6607453108389,84.7305034248737,79.9718649376867,80.183045386365
slope_angle,38,79.7765392630846,0.0534185200574491,79.9531431910737,83.5086327816175,84.931676266091,79.6736553384053,79.8827868806804
slope_angle,39,79.5247384136761,0.0554969194723291,79.6920313375543,83.1985054831587,84.5997703158124,79.4103634258475,79.6332587465787
slope_angle,40,79.1637332329768,0.0578962659954632,79.3516906761678,83.0881349157181,84.6097706914387,79.0561242762475,79.2814338890738
slope_angle,41,78.6966777657777,0.060390055100498,78.8315566864697,82.7685269351335,84.4853268521783,78.5752460207986,78.8136341762812
slope_angle,42,78.3096270045779,0.0619835052177118,78.4422242376006,82.5591067980393,84.1493661512625,78.1912986197309,78.4334824174261
slope_angle,43,77.7642121107657,0.0647431511297527,78.0355090107229,82.1731988047061,83.4639093616528,77.6332990528084,77.8926014736637
slope_angle,44,76.8472165824754,0.068828449440578,77.002537550294,81.5883208601728,83.4404457054473,76.7061717480737,76.9869707447476
slope_angle,45,75.6295177726984,0.0744842316689305,75.7995673718657,80.6404445631464,82.4315869711609,75.4787797024012,75.7755784806196
slope_angle,46,73.5822584803489,0.0840154350391692,73.8747122013564,79.4645353842511,81.2544384215012,73.4168735865386,73.7452868445931
slope_angle,47,69.8240386561433,0.0984204594911056,70.1493860422206,76.7201595294642,79.0392154791834,69.6352824456777,70.022280447709
slope_angle,48,59.4792700357347,0.142901314196917,59.7081505487719,69.5737382721765,73.2499194195098,59.2183182941516,59.7601274500817
slope_angle,49,1.32224130364219,0.0298404707456069,0.982435826966781,3.74391815581959,7.54857316960181,1.26487751871097,1.38148931003342
