stage_t,regret_pop_eto_mean,regret_pop_ieo_mean,regret_pop_eto_se,regret_pop_ieo_se,regret_pop_eto_ci_low,regret_pop_eto_ci_high,regret_pop_ieo_ci_low,regret_pop_ieo_ci_high,old_proxy_regret_eto_mean,old_proxy_regret_ieo_mean,difference_pop_eto_minus_ieo,difference_proxy_eto_minus_ieo
0,2.9824759276704196e-06,5.105071189274723e-06,2.093058269143794e-08,1.0459743703479195e-07,2.941451985595201e-06,3.0234998697456382e-06,4.900060212686531e-06,5.3100821658629154e-06,0.02778632964628867,0.01777259568520732,-2.1225952616043037e-06,0.01001373396108135
1,2.8989060794878626e-06,4.689827384732092e-06,2.2111381373986316e-08,9.009073381031176e-08,2.8555677719948494e-06,2.942244386980876e-06,4.513249546463881e-06,4.866405223000303e-06,0.026799571432582776,0.014657601228937004,-1.7909213052442294e-06,0.012141970203645772
2,2.7830416811178716e-06,4.499212905483899e-06,1.9655234091299353e-08,9.496697142720449e-08,2.7445174222989247e-06,2.8215659399368185e-06,4.313077641486578e-06,4.685348169481219e-06,0.025777653678803473,0.013868988622863352,-1.716171224366027e-06,0.011908665055940121
3,2.7088746292632525e-06,4.465493805843271e-06,1.994676510002631e-08,8.846869264016166e-08,2.669778969667201e-06,2.747970288859304e-06,4.2920951682685545e-06,4.638892443417988e-06,0.024684212457846598,0.014107039523176186,-1.7566191765800189e-06,0.010577172934670412
4,2.5456499562640246e-06,4.082639703989708e-06,1.713950124038246e-08,7.718933725605506e-08,2.512056533832875e-06,2.579243378695174e-06,3.93134860296784e-06,4.2339308050115765e-06,0.023618023784463472,0.013047347024790256,-1.5369897477256837e-06,0.010570676759673216
5,2.459659421542455e-06,4.0620452827057665e-06,1.8676529166064308e-08,8.465483244300088e-08,2.4230534243769692e-06,2.496265418707941e-06,3.896121811117485e-06,4.227968754294048e-06,0.022441814965203217,0.013044283929872216,-1.6023858611633113e-06,0.009397531035331001
6,2.345858676969588e-06,3.766576674918406e-06,1.7261121743453795e-08,7.199682753086864e-08,2.3120268783524186e-06,2.3796904755867572e-06,3.6254628929579035e-06,3.9076904568789085e-06,0.021660489103396876,0.011856417667643853,-1.4207179979488181e-06,0.009804071435753023
7,2.264798946745915e-06,3.7166861969534824e-06,1.646425408371306e-08,7.413954456032132e-08,2.2325290087418374e-06,2.297068884749993e-06,3.5713726896152527e-06,3.8619997042917125e-06,0.02057839227723963,0.011905102296262807,-1.4518872502075673e-06,0.008673289980976825
8,2.137310045438935e-06,3.544636537793774e-06,1.5238624211059174e-08,6.780250332439783e-08,2.107442341985259e-06,2.1671777488926113e-06,3.411743631277954e-06,3.6775294443095935e-06,0.019657884822802212,0.011362756337369054,-1.4073264923548386e-06,0.008295128485433158
9,2.0615985474616184e-06,3.398485948313787e-06,1.5184124332108465e-08,6.440645898790801e-08,2.0318376637706857e-06,2.091359431152551e-06,3.2722492886974874e-06,3.524722607930087e-06,0.018583560465970303,0.010606211827453832,-1.3368874008521688e-06,0.007977348638516471
10,1.965790039290416e-06,3.199978709662518e-06,1.4803519809814189e-08,6.554837645960594e-08,1.9367751404631803e-06,1.994804938117652e-06,3.0715038918016904e-06,3.3284535275233453e-06,0.01780526191362528,0.009677233694426262,-1.2341886703721017e-06,0.008128028219199017
11,1.8563059286876622e-06,3.0303288336353614e-06,1.3234299129257356e-08,6.107411650290074e-08,1.8303667023943178e-06,1.8822451549810067e-06,2.910623565289676e-06,3.150034101981047e-06,0.016847533027386192,0.009217868322899,-1.1740229049476992e-06,0.007629664704487192
12,1.7790539128197586e-06,2.8649026640525226e-06,1.2729923624899739e-08,5.9137446410275044e-08,1.7541032625149552e-06,1.804004563124562e-06,2.7489932690883835e-06,2.9808120590166617e-06,0.016018667669856827,0.008626327237565385,-1.085848751232764e-06,0.007392340432291441
13,1.7104083129010633e-06,2.791787484843134e-06,1.3149205454220399e-08,5.427722184787765e-08,1.6846358702107914e-06,1.7361807555913353e-06,2.685404130021294e-06,2.898170839664974e-06,0.015327311424996938,0.008343610000357602,-1.0813791719420708e-06,0.006983701424639336
14,1.6101234441519827e-06,2.5944520166695794e-06,1.173999253860732e-08,5.628960387700375e-08,1.5871130587763122e-06,1.6331338295276531e-06,2.4841243930706522e-06,2.7047796402685067e-06,0.014528974131669028,0.008007805069411114,-9.843285725175968e-07,0.006521169062257914
15,1.52103973505739e-06,2.4792678387255622e-06,1.1329860579686704e-08,5.269799677462527e-08,1.4988332083212041e-06,1.543246261793576e-06,2.3759797650472966e-06,2.582555912403828e-06,0.013658637258262538,0.007411130491186607,-9.582281036681722e-07,0.0062475067670759304
16,1.440950210188923e-06,2.2843040448432583e-06,1.0844395785116743e-08,4.5177718567628607e-08,1.4196951944500941e-06,1.4622052259277518e-06,2.1957557164507063e-06,2.3728523732358103e-06,0.012852219298289272,0.0068362852985402464,-8.433538346543354e-07,0.006015933999749025
17,1.340921685033319e-06,2.0782604529956734e-06,9.806298982608224e-09,4.048941896896951e-08,1.3217013390274069e-06,1.3601420310392312e-06,1.9989011918164934e-06,2.1576197141748535e-06,0.012117316305973284,0.00623239514819543,-7.373387679623544e-07,0.005884921157777855
18,1.2821258383408354e-06,1.972173692157504e-06,9.156485228971662e-09,3.652675105622682e-08,1.264179127292051e-06,1.3000725493896198e-06,1.9005812600872993e-06,2.0437661242277085e-06,0.011310064338468321,0.005467965969240167,-6.900478538166685e-07,0.005842098369228154
19,1.2181223424569853e-06,1.880775010684564e-06,9.408815653780583e-09,3.749338028946978e-08,1.1996810637755753e-06,1.2365636211383952e-06,1.8072879853172032e-06,1.954262036051925e-06,0.010720727008251595,0.0053458465285379795,-6.626526682275788e-07,0.0053748804797136155
20,1.1467798113746805e-06,1.722357032808844e-06,8.85707902153228e-09,3.437736112075856e-08,1.1294199364924773e-06,1.1641396862568837e-06,1.6549774050121574e-06,1.7897366606055307e-06,0.010075294266782298,0.004306123046164151,-5.755772214341636e-07,0.005769171220618147
21,1.0585982034809896e-06,1.6374193417998434e-06,7.666649541886809e-09,3.183848894325092e-08,1.0435715703788914e-06,1.0736248365830878e-06,1.5750159034710716e-06,1.6998227801286152e-06,0.009339092262427929,0.004735657777648928,-5.788211383188538e-07,0.004603434484779001
22,1.0054446865658627e-06,1.529020135099882e-06,7.591119009534181e-09,3.0237575814059804e-08,9.905660933071757e-07,1.0203232798245498e-06,1.4697544865043249e-06,1.5882857836954393e-06,0.00870043472600031,0.004040131442449568,-5.235754485340194e-07,0.004660303283550742
23,9.443073218123375e-07,1.4241235231908242e-06,7.878909071012385e-09,3.335565508660589e-08,9.288646600331532e-07,9.597499835915217e-07,1.3587464392210767e-06,1.4895006071605717e-06,0.008079807592588766,0.0035965090735560028,-4.798162013784867e-07,0.004483298519032763
24,8.790746661689393e-07,1.2875384745172883e-06,6.868029725920816e-09,2.4846746991632254e-08,8.656133279061345e-07,8.925360044317441e-07,1.238838850413689e-06,1.3362380986208876e-06,0.007568586604704614,0.003434312442606749,-4.0846380834834896e-07,0.004134274162097865
25,8.111596975914654e-07,1.203974330984963e-06,6.191120633027762e-09,2.429521351208605e-08,7.99025101150731e-07,8.232942940321998e-07,1.1563557125012744e-06,1.2515929494686516e-06,0.006916515122559676,0.0034134928418495447,-3.9281463339349763e-07,0.003503022280710131
26,7.488590922988849e-07,1.0946520261978306e-06,5.790640676985924e-09,2.3826797719817807e-08,7.375094365719925e-07,7.602087480257772e-07,1.0479515026669876e-06,1.1413525497286736e-06,0.006358841877894955,0.0027752444057025003,-3.457929338989457e-07,0.003583597472192455
27,6.98794164881698e-07,1.0036991935081744e-06,5.608828223857031e-09,1.8678772798602755e-08,6.878008615629382e-07,7.097874682004578e-07,9.67088798822913e-07,1.0403095881934357e-06,0.005947827338916664,0.002470159223468987,-3.0490502862647643e-07,0.003477668115447677
28,6.446710021596795e-07,9.40056946253494e-07,5.10966715253681e-09,2.3392446643041816e-08,6.346560545407074e-07,6.546859497786516e-07,8.942077508331321e-07,9.859061416738559e-07,0.005405620395947101,0.0022856847261034704,-2.953859440938145e-07,0.003119935669843631
29,5.98718088446911e-07,8.266132693915251e-07,4.701237296315289e-09,1.5546763291052463e-08,5.895036633461331e-07,6.07932513547689e-07,7.961416133410623e-07,8.570849254419879e-07,0.004930119419117553,0.0018951018482744617,-2.2789518094461406e-07,0.0030350175708430916
30,5.512003291230488e-07,7.631351549212374e-07,4.4501749447939226e-09,1.351468966454715e-08,5.424779862312528e-07,5.599226720148449e-07,7.366463631787249e-07,7.896239466637498e-07,0.004447324597048606,0.001740561834726269,-2.1193482579818853e-07,0.002706762762322337
31,4.970802407706681e-07,6.538427767430956e-07,4.1386883632947394e-09,1.2288671946075854e-08,4.889684115786104e-07,5.051920699627259e-07,6.297569797287869e-07,6.779285737574043e-07,0.0040103729642942555,0.0013170140706731883,-1.5676253597242746e-07,0.002693358893621067
32,4.5454037431431876e-07,5.971130269509004e-07,3.7186567005360422e-09,1.050573478008088e-08,4.472518071812681e-07,4.618289414473694e-07,5.765217867819418e-07,6.177042671198589e-07,0.003587259336629197,0.0012478941140265827,-1.425726526365816e-07,0.0023393652226026142
33,4.20419199838275e-07,5.369901247161077e-07,3.4202018027321445e-09,9.143809287974803e-09,4.1371560430492e-07,4.2712279537163e-07,5.19068258511677e-07,5.549119909205383e-07,0.0032240830759185184,0.0010701524750649021,-1.1657092487783266e-07,0.002153930600853616
34,3.725813724423064e-07,4.6003133297996094e-07,3.0671678192020814e-09,8.397006792380248e-09,3.665697235166703e-07,3.785930213679425e-07,4.4357319966689567e-07,4.764894662930262e-07,0.0028331663291788177,0.0009236661080663936,-8.744996053765455e-08,0.0019095002211124241
35,3.3820481483778593e-07,4.124324954574045e-07,2.691541835812551e-09,7.507048363397709e-09,3.329293928395933e-07,3.4348023683597854e-07,3.97718680665145e-07,4.2714631024966404e-07,0.002495924736032853,0.0007946050643894789,-7.422768061961858e-08,0.0017013196716433743
36,3.0413829992887533e-07,3.649292391093112e-07,2.6806889813476602e-09,6.810160426079529e-09,2.988841495254339e-07,3.0939245033231674e-07,3.515813246741953e-07,3.782771535444271e-07,0.002186340600620237,0.000712130010857394,-6.079093918043588e-08,0.0014742105897628428
37,2.759336894836089e-07,3.1475421959540316e-07,2.4244058005526975e-09,5.610509106925254e-09,2.711818541145256e-07,2.806855248526922e-07,3.037576217458297e-07,3.2575081744497665e-07,0.0018766696250759945,0.0006138125869383555,-3.882053011179426e-08,0.001262857038137639
38,2.3988753177260634e-07,2.5830407822954233e-07,2.0651669270506697e-09,4.517393856476374e-09,2.35839804595587e-07,2.4393525894962563e-07,2.4944998627084863e-07,2.67158170188236e-07,0.0015961726860945129,0.0005171980270174185,-1.8416546456935993e-08,0.0010789746590770945
39,2.181898306383658e-07,2.2816406685101679e-07,1.947022543907427e-09,3.741920470435008e-09,2.1437366645230722e-07,2.2200599482442436e-07,2.2082990272896417e-07,2.354982309730694e-07,0.0013485326666313271,0.00042027940023145303,-9.974236212651e-09,0.0009282532663998741
40,1.907269401675496e-07,1.910149727012703e-07,1.6826326339248049e-09,3.2900546998527735e-09,1.87428980205057e-07,1.9402490013004222e-07,1.8456646548955887e-07,1.9746347991298173e-07,0.0011162673511094026,0.0003823005305206744,-2.8803253372069374e-10,0.0007339668205887282
41,1.69848160640575e-07,1.6504699211349062e-07,1.658515509953589e-09,2.6145758696934116e-09,1.6659747024106595e-07,1.7309885104008403e-07,1.5992242340889152e-07,1.7017156081808971e-07,0.0009004175907579747,0.00035115789314630366,4.801168527084375e-09,0.000549259697611671
42,1.5224164887405085e-07,1.3625455925476338e-07,1.6360532906193855e-09,2.0018847400424337e-09,1.4903498442443686e-07,1.5544831332366484e-07,1.3233086516428022e-07,1.4017825334524654e-07,0.0007195972020520265,0.0003140194521841479,1.5987089619287468e-08,0.0004055777498678786
43,1.310164460878963e-07,1.1009458966376959e-07,1.2862696380160315e-09,1.5395751646713949e-09,1.2849535759738487e-07,1.3353753457840774e-07,1.0707702234101365e-07,1.1311215698652552e-07,0.0005434171627123966,0.00026901199682508286,2.0921856424126722e-08,0.0002744051658873138
44,1.1739924125252543e-07,9.148691523072177e-08,1.2418012681538498e-09,1.1715826050126477e-09,1.1496531076694389e-07,1.1983317173810697e-07,8.919061332489698e-08,9.378321713654656e-08,0.000409118207765773,0.0002501745666583845,2.5912326021803666e-08,0.00015894364110738852
45,1.035738756838063e-07,7.303210673857828e-08,1.108403291968152e-09,9.635668567947046e-10,1.0140140523154872e-07,1.0574634613606389e-07,7.114351569926066e-08,7.492069777789591e-08,0.0002878138465273698,0.00020107348314130603,3.054176894522802e-08,8.674036338606375e-05
46,8.998727648463912e-08,5.821072599427824e-08,9.644245727753328e-10,7.185177969552802e-10,8.809700432199947e-08,9.187754864727877e-08,5.680243111224589e-08,5.96190208763106e-08,0.00018346091670163407,0.00014658257357563927,3.1776550490360875e-08,3.68783431259948e-05
47,8.295656186857384e-08,4.686686206865912e-08,9.325550895414104e-10,5.631273038657296e-10,8.112875389307268e-08,8.4784369844075e-08,4.576313255308229e-08,4.797059158423595e-08,0.00010682025915834468,9.100494132942966e-05,3.608969979991472e-08,1.5815317828915025e-05
48,7.696191026157038e-08,3.8332964251163703e-08,8.475710344099736e-10,4.708082641167793e-10,7.530067103412683e-08,7.862314948901393e-08,3.7410180053494816e-08,3.925574844883259e-08,5.083715820222438e-05,4.362024726150361e-05,3.862894601040668e-08,7.216910940720771e-06
49,7.287671369219408e-08,3.294918238339137e-08,8.501712772553588e-10,4.12067258915733e-10,7.121037798877358e-08,7.454304939561459e-08,3.214153055591653e-08,3.375683421086621e-08,1.7553702278676008e-05,1.3832308023529203e-05,3.9927531308802714e-08,3.721394255146805e-06
