stage,regret_eto_mean,regret_eto_ci_lower,regret_eto_ci_upper,regret_ieo_mean,regret_ieo_ci_lower,regret_ieo_ci_upper,regret_eto_minus_ieo_mean,regret_difference_ci_lower,regret_difference_ci_upper,true_regret_eto_mean,true_regret_ieo_mean,true_regret_eto_minus_ieo_mean,intercept_gap_mean,intercept_gap_ci_lower,intercept_gap_ci_upper,slope_gap_mean,slope_gap_ci_lower,slope_gap_ci_upper,intercept_angle_mean,intercept_angle_ci_lower,intercept_angle_ci_upper,slope_angle_mean,slope_angle_ci_lower,slope_angle_ci_upper
0,0.0277863296462887,0.0275750510949903,0.0279976081975871,0.0177725956852073,0.0163171460366541,0.0192280453337605,0.0100137339610814,0.00849072006336469,0.011536747858798,2.98247592767042e-06,5.10507118927473e-06,-2.1225952616043e-06,64.3313171444358,63.2276784844101,65.4349558044616,29.6889765478607,29.212530972146,30.1654221235753,0.125828552620364,0.122352851336213,0.129304253904514,1.28644156138917,1.28189493850779,1.29098818427054
1,0.0267995714325828,0.0265990827745826,0.0270000600905829,0.014657601228937,0.0135323075720855,0.0157828948857886,0.0121419702036458,0.0109505042369206,0.0133334361703709,2.89890607948786e-06,4.6898273847321e-06,-1.79092130524423e-06,60.770020320151,59.7460611504169,61.7939794898851,28.0204706520024,27.5768899423769,28.4640513616278,0.122913190015952,0.119453564529239,0.126372815502665,1.27416311725616,1.26955239809484,1.27877383641749
2,0.0257776536788034,0.0255824737776012,0.0259728335800057,0.0138689886228633,0.012798230189433,0.0149397470562937,0.0119086650559401,0.0107776671006814,0.0130396630111989,2.78304168111787e-06,4.4992129054839e-06,-1.71617122436602e-06,59.8305722281142,58.8482358243009,60.8129086319275,27.4866245950499,27.0611527000983,27.9120964900015,0.123418187739007,0.120048950266021,0.126787425211992,1.2699521620248,1.26524208027657,1.27466224377303
3,0.0246842124578466,0.0244945072569762,0.024873917658717,0.0141070395231762,0.0128639833407696,0.0153500957055827,0.0105771729346704,0.00927635283110841,0.0118779930382324,2.70887462926326e-06,4.46549380584328e-06,-1.75661917658002e-06,57.896126848721,56.8999434840888,58.8923102133531,26.3589421834987,25.9347188298851,26.7831655371122,0.125306593549374,0.12187979718799,0.128733389910758,1.25634180300591,1.2513331803248,1.26135042568701
4,0.0236180237844635,0.0234350737636935,0.0238009738052335,0.0130473470247903,0.0120548893506951,0.0140398046988854,0.0105706767596732,0.00951877871296185,0.0116225748063846,2.54564995626403e-06,4.08263970398971e-06,-1.53698974772568e-06,56.620665275393,55.6837075520203,57.5576229987657,25.5423610711385,25.1451412607904,25.9395808814866,0.121942322309448,0.11860058220602,0.125284062412877,1.25099814640133,1.24612647213633,1.25586982066634
5,0.0224418149652032,0.0222694487909609,0.0226141811394455,0.0130442839298722,0.0118180348303427,0.0142705330294017,0.00939753103533099,0.00812164218785278,0.0106734198828092,2.45965942154245e-06,4.06204528270577e-06,-1.60238586116331e-06,54.6727116412991,53.7298215412064,55.6156017413919,24.4307308507877,24.0360728101674,24.8253888914079,0.12310192025384,0.119639326187585,0.126564514320095,1.23717625884685,1.23216955370833,1.24218296398537
6,0.0216604891033969,0.0214932531648941,0.0218277250418997,0.0118564176676439,0.0108445309337355,0.0128683044015522,0.00980407143575306,0.00873878701248379,0.0108693558590223,2.34585867696958e-06,3.76657667491841e-06,-1.42071799794883e-06,52.2078503846589,51.3169898887714,53.0987108805463,22.9156187363252,22.550316526102,23.2809209465484,0.120066692444012,0.11669848840513,0.123434896482895,1.21872850731619,1.2134150815959,1.22404193303647
7,0.0205783922772396,0.020422991778136,0.0207337927763432,0.0119051022962628,0.0108968000104805,0.0129134045820451,0.00867328998097677,0.00761889568256745,0.00972768427938609,2.26479894674591e-06,3.71668619695349e-06,-1.45188725020758e-06,51.0823671801484,50.2250276569944,51.9397067033024,21.8638973004426,21.5199184758514,22.2078761250338,0.124398586305734,0.120940933952998,0.127856238658471,1.20460774664148,1.19909326973567,1.21012222354729
8,0.0196578848228022,0.0195101819329074,0.019805587712697,0.0113627563373691,0.0104063416679188,0.0123191710068193,0.00829512848543318,0.0072942296170962,0.00929602735377016,2.13731004543893e-06,3.54463653779378e-06,-1.40732649235485e-06,48.521954008299,47.6788220175904,49.3650859990076,20.317273253871,19.986888427359,20.647658080383,0.125276932014008,0.121841497719156,0.12871236630886,1.17984478710389,1.17409727042922,1.18559230377855
9,0.0185835604659703,0.018441868526773,0.0187252524051677,0.0106062118274538,0.009684793877613,0.0115276297772946,0.00797734863851649,0.00700878625771256,0.00894591101932043,2.06159854746162e-06,3.39848594831378e-06,-1.33688740085217e-06,47.5562479497645,46.7447318565657,48.3677640429632,20.1711695164403,19.8518332790613,20.4905057538193,0.126248197378602,0.122672942189036,0.129823452568167,1.17834020819296,1.17238796160222,1.18429245478371
10,0.0178052619136253,0.0176647839400556,0.017945739887195,0.00967723369442625,0.00885518695775512,0.0104992804310974,0.00812802821919903,0.00726181370547468,0.00899424273292338,1.96579003929041e-06,3.19997870966252e-06,-1.2341886703721e-06,45.9123774114557,45.1102341533058,46.7145206696056,19.785605049602,19.4655162328427,20.1056938663613,0.124824270689281,0.121414374433126,0.128234166945436,1.17014727000174,1.16411233409183,1.17618220591165
11,0.0168475330273862,0.016719876925352,0.0169751891294203,0.00921786832289902,0.0084149570816119,0.0100207795641861,0.00762966470448716,0.00678765827896172,0.00847167113001259,1.85630592868766e-06,3.03032883363537e-06,-1.17402290494771e-06,45.6291883942148,44.8482363234952,46.4101404649344,19.9010492080836,19.5844920409567,20.2176063752105,0.122201958776491,0.118682952750439,0.125720964802544,1.174040481014,1.16809439876832,1.17998656325969
12,0.0160186676698568,0.0158959075636236,0.01614142777609,0.00862632723756539,0.00787467688013793,0.00937797759499285,0.00739234043229141,0.00660559214471041,0.00817908871987241,1.77905391281976e-06,2.86490266405252e-06,-1.08584875123276e-06,44.8253375507172,44.0625009006015,45.5881742008329,19.8049880575513,19.4924206555319,20.1175554595707,0.125455309560315,0.122043201345977,0.128867417774653,1.17201156825236,1.16604296581707,1.17798017068765
13,0.0153273114249969,0.015207756035579,0.0154468668144149,0.0083436100003576,0.00766341190559781,0.00902380809511739,0.00698370142463931,0.0062653393114256,0.00770206353785303,1.71040831290107e-06,2.79178748484314e-06,-1.08137917194207e-06,43.9765568818902,43.2085022510318,44.7446115127487,19.709685386869,19.3901360024287,20.0292347713093,0.125604390199699,0.122110241089293,0.129098539310105,1.16874801289885,1.16247444671683,1.17502157908087
14,0.0145289741316691,0.0144213360223449,0.0146366122409932,0.00800780506941111,0.0072924765662998,0.00872313357252243,0.00652116906225795,0.0057729884820192,0.0072693496424967,1.61012344415199e-06,2.59445201666958e-06,-9.84328572517593e-07,42.7692344329003,41.9905687146336,43.5479001511671,19.4590490331479,19.1300140121259,19.7880840541699,0.126508242454457,0.122997290251419,0.130019194657494,1.16253772863358,1.15627599826676,1.1687994590004
15,0.0136586372582625,0.0135533500714208,0.0137639244451042,0.0074111304911866,0.00677182476518313,0.00805043621719007,0.00624750676707593,0.00558142108648141,0.00691359244767044,1.52103973505739e-06,2.47926783872557e-06,-9.58228103668179e-07,42.4719617634473,41.730223083205,43.2137004436897,19.5492048376664,19.2308053573937,19.8676043179391,0.124889658930064,0.121350602855602,0.128428715004525,1.16771974684207,1.16171637987906,1.17372311380508
16,0.0128522192982893,0.0127545244654852,0.0129499141310933,0.00683628529854024,0.00628006543462611,0.00739250516245437,0.00601593399974902,0.00543131887529269,0.00660054912420535,1.44095021018892e-06,2.28430404484326e-06,-8.4335383465434e-07,41.3753794898316,40.6526209387108,42.0981380409523,19.3641210577487,19.0500750256584,19.6781670898389,0.126150306230969,0.122488173491948,0.12981243896999,1.16380600556528,1.15778792475962,1.16982408637094
17,0.0121173163059733,0.0120219463079519,0.0122126863039947,0.00623239514819544,0.00570189518241565,0.00676289511397523,0.00588492115777783,0.00532495098568861,0.00644489132986705,1.34092168503332e-06,2.07826045299567e-06,-7.37338767962355e-07,40.2584922334741,39.5610287640732,40.955955702875,19.1140121632294,18.8086739384858,19.419350387973,0.125210073976487,0.12137946181411,0.129040686138865,1.16161569566178,1.15557281025509,1.16765858106847
18,0.0113100643384683,0.0112250752091274,0.0113950534678093,0.00546796596924018,0.0050222165455387,0.00591371539294165,0.00584209836922817,0.00537109978936904,0.00631309694908729,1.28212583834083e-06,1.9721736921575e-06,-6.9004785381667e-07,39.0521232186254,38.3843396734882,39.7199067637627,18.8473249569907,18.5484918967267,19.1461580172547,0.123565113495416,0.12013310583732,0.126997121153513,1.15707417906272,1.15097944748269,1.16316891064275
19,0.0107207270082516,0.0106373659335416,0.0108040880829616,0.00534584652853799,0.00486500582174477,0.00582668723533121,0.00537488047971359,0.0048720767572261,0.00587768420220109,1.21812234245699e-06,1.88077501068456e-06,-6.6265266822758e-07,38.5950187194742,37.9273467775499,39.2626906613986,18.8888544185296,18.5872045190231,19.1905043180361,0.126471287628698,0.123088665539301,0.129853909718095,1.15912532246841,1.15314630280301,1.16510434213381
20,0.0100752942667823,0.010000048167318,0.0101505403662467,0.00430612304616415,0.00395489982111559,0.0046573462712127,0.00576917122061817,0.00539460913743368,0.00614373330380266,1.14677981137468e-06,1.72235703280884e-06,-5.75577221434164e-07,36.6343143253292,36.0105770240784,37.2580516265799,18.3349521566322,18.0470545170808,18.6228497961835,0.125399368537787,0.121919404058635,0.128879333016938,1.14763835524518,1.14157577618992,1.15370093430044
21,0.00933909226242793,0.00926582760067202,0.00941235692418384,0.00473565777764893,0.00435004742653053,0.00512126812876732,0.004603434484779,0.00419525993029991,0.00501160903925809,1.05859820348099e-06,1.63741934179984e-06,-5.78821138318852e-07,37.2266444504771,36.5818480066451,37.8714408943091,18.807460739873,18.5056566693669,19.1092648103791,0.123714547480297,0.120329483033583,0.12709961192701,1.15505689420436,1.14875622154077,1.16135756686795
22,0.00870043472600031,0.00863309003254103,0.00876777941945959,0.00404013144244956,0.00370152641276389,0.00437873647213524,0.00466030328355074,0.00430178122919577,0.0050188253379057,1.00544468656586e-06,1.52902013509988e-06,-5.2357544853402e-07,35.9554567780019,35.3552480719974,36.5556654840064,18.4536408387804,18.1708409996272,18.7364406779335,0.123846240218794,0.120495855213337,0.127196625224252,1.15405271776539,1.14833468573471,1.15977074979607
23,0.00807980759258876,0.00801664927189958,0.00814296591327795,0.003596509073556,0.00325069013820616,0.00394232800890584,0.00448329851903277,0.00412092752716856,0.00484566951089697,9.44307321812338e-07,1.42412352319083e-06,-4.79816201378489e-07,34.4949796460514,33.9012160996975,35.0887431924053,18.0649847468114,17.7774774912284,18.3524920023944,0.123461280909122,0.120123260473865,0.126799301344378,1.14374735235596,1.13764357686718,1.14985112784474
24,0.00756858660470463,0.00751095043684329,0.00762622277256597,0.00343431244260676,0.00311332430010419,0.00375530058510932,0.00413427416209787,0.00379725918429103,0.00447128913990471,8.79074666168939e-07,1.28753847451729e-06,-4.08463808348351e-07,33.7223666103819,33.1219909860922,34.3227422346716,17.9888250871949,17.6927884489035,18.2848617254863,0.128513320213639,0.124400969227018,0.13262567120026,1.1397620044393,1.133456149493,1.14606785938561
25,0.00691651512255966,0.00686092795336278,0.00697210229175655,0.00341349284184955,0.00308731690598154,0.00373966877771756,0.00350302228071012,0.00316039580578881,0.00384564875563143,8.11159697591464e-07,1.20397433098496e-06,-3.928146333935e-07,33.3322195011429,32.7359411370506,33.9284978652352,18.0658290760363,17.7691488687651,18.3625092833075,0.122510400809518,0.119161741964885,0.12585905965415,1.1423549065861,1.13622171910535,1.14848809406685
26,0.00635884187789495,0.00630886366846026,0.00640882008732964,0.0027752444057025,0.00249431958117882,0.00305616923022618,0.00358359747219245,0.00328910897736654,0.00387808596701836,7.48859092298885e-07,1.09465202619783e-06,-3.45792933898945e-07,31.7142268693254,31.1538489148298,32.274604823821,17.5232282517781,17.2362490012333,17.8102075023228,0.123836487065122,0.12045835879885,0.127214615331393,1.13064794530452,1.12414023406869,1.13715565654036
27,0.00594782733891667,0.00590149564176469,0.00599415903606864,0.00247015922346898,0.00226973275563828,0.00267058569129969,0.00347766811544768,0.00326230695700343,0.00369302927389194,6.98794164881697e-07,1.00369919350817e-06,-3.04905028626477e-07,30.7010075052596,30.1640165667603,31.2379984437589,17.3028227430253,17.0262358742889,17.5794096117617,0.125575339955556,0.12214324985508,0.129007430056033,1.12787635816039,1.12144834270977,1.13430437361101
28,0.0054056203959471,0.00536252307136538,0.00544871772052882,0.00228568472610347,0.00208406644767803,0.00248730300452891,0.00311993566984363,0.0029061903073372,0.00333368103235006,6.44671002159679e-07,9.40056946253494e-07,-2.95385944093815e-07,29.9002235181784,29.3687497585865,30.4316972777703,17.1540738162122,16.8745993050903,17.4335483273341,0.123301482601866,0.119941738770313,0.12666122643342,1.12525362427114,1.11884278800001,1.13166446054227
29,0.00493011941911756,0.00489133988124451,0.0049688989569906,0.00189510184827446,0.00174531909449107,0.00204488460205785,0.00303501757084309,0.00287273256500072,0.00319730257668547,5.98718088446911e-07,8.26613269391524e-07,-2.27895180944613e-07,28.4190948309869,27.9199464982117,28.9182431637622,16.7165284735548,16.4495335600447,16.983523387065,0.124994754383254,0.121648688231192,0.128340820535315,1.11543959892972,1.10896364302136,1.12191555483807
30,0.0044473245970486,0.00441251933210869,0.00448212986198851,0.00174056183472627,0.0015888066288462,0.00189231704060634,0.00270676276232233,0.00254635392834155,0.00286717159630311,5.51200329123048e-07,7.63135154921237e-07,-2.11934825798188e-07,27.6089557345781,27.1118388605773,28.106072608579,16.5647223149833,16.2922613153893,16.8371833145773,0.126301329318781,0.122774257340506,0.129828401297055,1.11148107648162,1.10473509520118,1.11822705776206
31,0.00401037296429425,0.00397799960122495,0.00404274632736355,0.00131701407067319,0.0012103098690464,0.00142371827229997,0.00269335889362106,0.00257762472184394,0.00280909306539819,4.97080240770669e-07,6.53842776743096e-07,-1.56762535972427e-07,26.0094865812345,25.5692412670209,26.4497318954481,15.8887762565111,15.6413371660103,16.1362153470118,0.124055457728398,0.120522982113684,0.127587933343113,1.09872956811026,1.09196470106012,1.10549443516039
32,0.00358725933662919,0.00355876016313006,0.00361575851012832,0.00124789411402658,0.00114310830475668,0.00135267992329649,0.00233936522260261,0.00222677517446092,0.00245195527074429,4.54540374314318e-07,5.97113026950901e-07,-1.42572652636582e-07,25.5808339661805,25.1329282781955,26.0287396541654,16.0165604866725,15.7582048950176,16.2749160783274,0.125582401196794,0.122140622216177,0.129024180177412,1.10020867557104,1.09351582269622,1.10690152844586
33,0.00322408307591851,0.00319836211261647,0.00324980403922056,0.0010701524750649,0.000988464332745354,0.00115184061738445,0.00215393060085361,0.00206491740832868,0.00224294379337854,4.20419199838275e-07,5.36990124716108e-07,-1.16570924877833e-07,24.5617720019582,24.1344236161956,24.9891203877207,15.8056514295108,15.5540985302397,16.0572043287819,0.123338220492384,0.119932669282407,0.12674377170236,1.09472978660157,1.08794071110793,1.10151886209521
34,0.00283316632917881,0.00281036705467104,0.00285596560368658,0.000923666108066394,0.000848362078672736,0.000998970137460052,0.00190950022111242,0.00182811780713851,0.00199088263508633,3.72581372442305e-07,4.6003133297996e-07,-8.74499605376547e-08,23.2275262859565,22.8178936617576,23.6371589101555,15.2792362546578,15.0330821738586,15.5253903354569,0.122488034904577,0.119194079102482,0.125781990706673,1.08226376345778,1.07537660173987,1.08915092517569
35,0.00249592473603286,0.00247547449364566,0.00251637497842007,0.000794605064389479,0.000732145312787168,0.000857064815991791,0.00170131967164338,0.00163473789794228,0.00176790144534448,3.38204814837785e-07,4.12432495457405e-07,-7.42276806196196e-08,22.309528090649,21.9151741612594,22.7038820200386,15.0854208853065,14.842310245219,15.3285315253939,0.119824188032445,0.116543392978833,0.123104983086056,1.07650216990608,1.06940627171385,1.0835980680983
36,0.00218634060062024,0.0021684505235177,0.00220423067772278,0.000712130010857393,0.00065218122665127,0.000772078795063516,0.00147421058976284,0.00141083504606459,0.00153758613346109,3.04138299928874e-07,3.64929239109312e-07,-6.07909391804376e-08,21.2350992184536,20.8454933585352,21.6247050783721,14.7179898646309,14.4703218565029,14.9656578727588,0.120565696623239,0.117376789211047,0.123754604035431,1.06458654540744,1.05728632220105,1.07188676861382
37,0.001876669625076,0.00186100497094592,0.00189233427920607,0.000613812586938355,0.000572808256042065,0.000654816917834646,0.00126285703813764,0.00121882019456426,0.00130689388171102,2.75933689483609e-07,3.14754219595404e-07,-3.88205301117944e-08,20.303489092485,19.9338191185956,20.6731590663743,14.4856507089104,14.2445704347751,14.7267309830456,0.120422158146497,0.117097023287885,0.123747293005109,1.0592040874748,1.05194415738986,1.06646401755975
38,0.00159617268609451,0.00158259794278365,0.00160974742940537,0.000517198027017419,0.000471652324674092,0.000562743729360745,0.00107897465907709,0.00103204912884877,0.00112590018930541,2.39887531772606e-07,2.58304078229543e-07,-1.84165464569362e-08,18.6812810902623,18.3315811470574,19.0309810334671,13.7706966232067,13.5357271103406,14.0056661360728,0.118156983487463,0.1149609168024,0.121353050172526,1.03757194000985,1.03001308106894,1.04513079895076
39,0.00134853266663133,0.00133683755565883,0.00136022777760383,0.000420279400231453,0.000395190411365133,0.000445368389097774,0.000928253266399875,0.000902456674560715,0.000954049858239035,2.18189830638366e-07,2.28164066851017e-07,-9.97423621265085e-09,17.4764987679216,17.1622195987043,17.7907779371388,13.3018770695466,13.0826799358331,13.5210742032601,0.120717334126502,0.117432141131271,0.124002527121732,1.02489143572353,1.01743306214731,1.03234980929976
40,0.0011162673511094,0.00110637875760051,0.00112615594461829,0.000382300530520675,0.000358988603009686,0.000405612458031663,0.000733966820588729,0.000710578817985767,0.000757354823191692,1.9072694016755e-07,1.9101497270127e-07,-2.88032533720089e-10,16.1827973471918,15.8848894590008,16.4807052353828,12.7284566667664,12.514033008013,12.9428803255199,0.119369988088208,0.116083084401093,0.122656891775323,1.00473708113725,0.996849385714852,1.01262477655965
41,0.000900417590757976,0.000892214217547022,0.000908620963968931,0.000351157893146303,0.000334346371275871,0.000367969415016736,0.000549259697611673,0.000532891564992464,0.000565627830230883,1.69848160640575e-07,1.65046992113491e-07,4.80116852708438e-09,14.7135739673389,14.4337708959601,14.9933770387176,12.000264899101,11.7914528297313,12.2090769684707,0.12005998008638,0.11694139034266,0.123178569830099,0.976347874361532,0.968073494247208,0.984622254475856
42,0.000719597202052025,0.000712556428854321,0.000726637975249729,0.000314019452184148,0.000301121076826026,0.00032691782754227,0.000405577749867877,0.000394001995686473,0.00041715350404928,1.52241648874051e-07,1.36254559254763e-07,1.59870896192874e-08,13.4662810715147,13.208961431679,13.7236007113505,11.387959481549,11.1869117658208,11.5890071972771,0.120035797413825,0.116751955542305,0.123319639285345,0.950683071246858,0.941925498997024,0.959440643496692
43,0.000543417162712396,0.000537938473253132,0.000548895852171661,0.000269011996825083,0.000259024536475052,0.000278999457175114,0.000274405165887314,0.000265920183412381,0.000282890148362246,1.31016446087896e-07,1.1009458966377e-07,2.09218564241264e-08,11.9110695339687,11.6772406490791,12.1448984188584,10.4296376602231,10.2362406833689,10.6230346370774,0.116864193440196,0.113704856226044,0.120023530654348,0.909034864880039,0.899765536278508,0.918304193481569
44,0.000409118207765774,0.000404705857687515,0.000413530557844032,0.000250174566658385,0.000242629154225327,0.000257719979091442,0.000158943641107389,0.000152815080897426,0.000165072201317352,1.17399241252525e-07,9.14869152307215e-08,2.59123260218037e-08,10.2387918061638,10.0305675490134,10.4470160633142,9.33475182799748,9.15337470416666,9.51612895182829,0.117686086244055,0.114490385815088,0.120881786673023,0.855213299588766,0.845651703214634,0.864774895962898
45,0.00028781384652737,0.000284433344144541,0.000291194348910199,0.000201073483141306,0.000195956560169677,0.000206190406112936,8.67403633860635e-05,8.31254595436546e-05,9.03552672284724e-05,1.03573875683806e-07,7.30321067385785e-08,3.05417689452278e-08,8.55451236155683,8.37824506373674,8.73077965937692,8.01318519817833,7.85332023814393,8.17305015821272,0.112791384937393,0.109703723793097,0.11587904608169,0.784194533865913,0.774371629814292,0.794017437917534
46,0.000183460916701634,0.000180943816466583,0.000185978016936685,0.000146582573575639,0.00014340389783181,0.000149761249319468,3.68783431259949e-05,3.51283492492952e-05,3.86283370026945e-05,8.9987276484639e-08,5.82107259942783e-08,3.17765504903607e-08,6.48653699060938,6.34215141878204,6.63092256243671,6.24145308976876,6.10383987412501,6.37906630541251,0.10919748379178,0.106326311592195,0.112068655991364,0.663455315225586,0.653085821977768,0.673824808473403
47,0.000106820259158345,0.000105045504655113,0.000108595013661576,9.10049413294297e-05,8.90768055948087e-05,9.29330770640506e-05,1.58153178289151e-05,1.50104128627367e-05,1.66202227950936e-05,8.2956561868574e-08,4.68668620686591e-08,3.60896997999149e-08,4.06880053181106,3.96843938946195,4.16916167416017,3.965248588725,3.86749076742027,4.06300641002972,0.10343493122247,0.100672990905526,0.106196871539415,0.472084604535731,0.462549516410237,0.481619692661224
48,5.08371582022244e-05,4.96817999583228e-05,5.19925164461259e-05,4.36202472615036e-05,4.24511072424789e-05,4.47893872805284e-05,7.21691094072072e-06,6.86550234580989e-06,7.56831953563154e-06,7.69619102615705e-08,3.83329642511638e-08,3.86289460104067e-08,1.36450975312519,1.31568060725126,1.41333889899912,1.35841916518381,1.31179366558225,1.40504466478538,0.0948636729372616,0.0914657997671071,0.0982615461074162,0.17461752194702,0.168514289582172,0.180720754311868
49,1.7553702278676e-05,1.69745519123147e-05,1.81328526450372e-05,1.38323080235292e-05,1.32509414208592e-05,1.44136746261992e-05,3.72139425514675e-06,3.52824612715735e-06,3.91454238313614e-06,7.28767136921942e-08,3.29491823833913e-08,3.99275313088029e-08,0.0142508634555766,0.0139819959396753,0.014519730971478,0.249912700622295,0.247269402061143,0.252555999183448,0.122939681316652,0.11902691412453,0.126852448508774,0.0106358641854099,0.0103392276584153,0.0109325007124044
