T,environment,R0_ETO_pop_mean,R0_IEO_pop_mean,Delta_R,CI_low,CI_high,cond_Sigma,lambda,Ntr,Nev,S
10,Regular stationary Gaussian,4.04765770563665e-07,5.85376545293638e-07,-1.81E-07,-1.91E-07,-1.70E-07,20,0.0001,60,1000,2000
15,Regular stationary Gaussian,4.81605325156032e-07,7.59542992704948e-07,-2.78E-07,-2.94E-07,-2.62E-07,20,0.0001,60,1000,2000
20,Regular stationary Gaussian,5.89999510276953e-07,1.00370650410234e-06,-4.14E-07,-4.36E-07,-3.93E-07,20,0.0001,60,1000,2000
25,Regular stationary Gaussian,7.30041998215123e-07,1.31726969595541e-06,-5.87E-07,-6.17E-07,-5.58E-07,20,0.0001,60,1000,2000
30,Regular stationary Gaussian,9.01883612563547e-07,1.69984493077197e-06,-7.98E-07,-8.39E-07,-7.59E-07,20,0.0001,60,1000,2000
35,Regular stationary Gaussian,1.10561326440823e-06,2.15074773286136e-06,-1.05E-06,-1.10E-06,-9.94E-07,20,0.0001,60,1000,2000
40,Regular stationary Gaussian,1.34127179900367e-06,2.6668091894794e-06,-1.33E-06,-1.39E-06,-1.26E-06,20,0.0001,60,1000,2000
45,Regular stationary Gaussian,1.60901281272171e-06,3.24404028205566e-06,-1.64E-06,-1.72E-06,-1.56E-06,20,0.0001,60,1000,2000
50,Regular stationary Gaussian,1.9089728440619e-06,3.88206732803149e-06,-1.97E-06,-2.07E-06,-1.88E-06,20,0.0001,60,1000,2000
55,Regular stationary Gaussian,2.2411910928843e-06,4.57963600496353e-06,-2.34E-06,-2.46E-06,-2.22E-06,20,0.0001,60,1000,2000
60,Regular stationary Gaussian,2.60576428171847e-06,5.33544587482967e-06,-2.73E-06,-2.87E-06,-2.59E-06,20,0.0001,60,1000,2000
65,Regular stationary Gaussian,3.00275281901835e-06,6.14812757310063e-06,-3.15E-06,-3.31E-06,-2.99E-06,20,0.0001,60,1000,2000
70,Regular stationary Gaussian,3.43228704657234e-06,7.01652869543765e-06,-3.58E-06,-3.76E-06,-3.41E-06,20,0.0001,60,1000,2000
75,Regular stationary Gaussian,3.89451103826783e-06,7.93930409224636e-06,-4.04E-06,-4.25E-06,-3.84E-06,20,0.0001,60,1000,2000
80,Regular stationary Gaussian,4.38939703405102e-06,8.91497535174744e-06,-4.53E-06,-4.76E-06,-4.29E-06,20,0.0001,60,1000,2000
85,Regular stationary Gaussian,4.91707966961171e-06,9.94246717814761e-06,-5.03E-06,-5.29E-06,-4.77E-06,20,0.0001,60,1000,2000
90,Regular stationary Gaussian,5.47767930379736e-06,1.10203215011802e-05,-5.54E-06,-5.82E-06,-5.25E-06,20,0.0001,60,1000,2000
95,Regular stationary Gaussian,6.07122169650971e-06,1.21475177692384e-05,-6.08E-06,-6.39E-06,-5.77E-06,20,0.0001,60,1000,2000
100,Regular stationary Gaussian,6.6978539637269e-06,1.33227435154453e-05,-6.62E-06,-6.98E-06,-6.29E-06,20,0.0001,60,1000,2000
105,Regular stationary Gaussian,7.3575612344675e-06,1.45447364783109e-05,-7.19E-06,-7.58E-06,-6.82E-06,20,0.0001,60,1000,2000
110,Regular stationary Gaussian,8.05042301097515e-06,1.58123327786537e-05,-7.76E-06,-8.16E-06,-7.37E-06,20,0.0001,60,1000,2000
115,Regular stationary Gaussian,8.7765383538551e-06,1.71244193549171e-05,-8.35E-06,-8.79E-06,-7.91E-06,20,0.0001,60,1000,2000
120,Regular stationary Gaussian,9.53596600271859e-06,1.84796287012483e-05,-8.94E-06,-9.43E-06,-8.48E-06,20,0.0001,60,1000,2000
125,Regular stationary Gaussian,1.03287864665361e-05,1.98771760944802e-05,-9.55E-06,-1.01E-05,-9.04E-06,20,0.0001,60,1000,2000
130,Regular stationary Gaussian,1.11551092227804e-05,2.13156048835507e-05,-1.02E-05,-1.07E-05,-9.62E-06,20,0.0001,60,1000,2000
135,Regular stationary Gaussian,1.20150226601329e-05,2.27940857558703e-05,-1.08E-05,-1.14E-05,-1.02E-05,20,0.0001,60,1000,2000
140,Regular stationary Gaussian,1.2908426590551e-05,2.43112341704572e-05,-1.14E-05,-1.20E-05,-1.08E-05,20,0.0001,60,1000,2000
145,Regular stationary Gaussian,1.38357025742975e-05,2.58665154849911e-05,-1.20E-05,-1.27E-05,-1.14E-05,20,0.0001,60,1000,2000
150,Regular stationary Gaussian,1.47964520946095e-05,2.74581738112082e-05,-1.27E-05,-1.34E-05,-1.20E-05,20,0.0001,60,1000,2000
155,Regular stationary Gaussian,1.57910262639925e-05,2.90856003220291e-05,-1.33E-05,-1.40E-05,-1.26E-05,20,0.0001,60,1000,2000
160,Regular stationary Gaussian,1.68192455649318e-05,3.0747996529296e-05,-1.39E-05,-1.48E-05,-1.32E-05,20,0.0001,60,1000,2000
165,Regular stationary Gaussian,1.78814719054592e-05,3.24440551597093e-05,-1.46E-05,-1.54E-05,-1.37E-05,20,0.0001,60,1000,2000
170,Regular stationary Gaussian,1.89773210237422e-05,3.41721728690599e-05,-1.52E-05,-1.61E-05,-1.43E-05,20,0.0001,60,1000,2000
175,Regular stationary Gaussian,2.01073716356008e-05,3.59330227933562e-05,-1.58E-05,-1.68E-05,-1.49E-05,20,0.0001,60,1000,2000
180,Regular stationary Gaussian,2.12713206313906e-05,3.77247207217803e-05,-1.65E-05,-1.74E-05,-1.55E-05,20,0.0001,60,1000,2000
185,Regular stationary Gaussian,2.24692421823316e-05,3.95464255548598e-05,-1.71E-05,-1.81E-05,-1.61E-05,20,0.0001,60,1000,2000
190,Regular stationary Gaussian,2.37014550016592e-05,4.13976672170742e-05,-1.77E-05,-1.87E-05,-1.67E-05,20,0.0001,60,1000,2000
195,Regular stationary Gaussian,2.49678139354439e-05,4.32767671417932e-05,-1.83E-05,-1.94E-05,-1.72E-05,20,0.0001,60,1000,2000
200,Regular stationary Gaussian,2.62683604680078e-05,4.51837230516155e-05,-1.89E-05,-2.01E-05,-1.78E-05,20,0.0001,60,1000,2000
10,Severely ill-conditioned stationary Gaussian,5.21926069433534e-06,2.63072901975352e-06,2.58853167458182e-06,2.54696476009052e-06,2.63028099058602e-06,472929715.157553,0.0001,60,1000,2000
15,Severely ill-conditioned stationary Gaussian,5.11301830616006e-06,2.68743898622429e-06,2.42557931993577e-06,2.38352367045285e-06,2.46829498803038e-06,472929715.157553,0.0001,60,1000,2000
20,Severely ill-conditioned stationary Gaussian,4.96958381653518e-06,2.68994786780157e-06,2.27963594873361e-06,2.23762770695951e-06,2.32393740309404e-06,472929715.157553,0.0001,60,1000,2000
25,Severely ill-conditioned stationary Gaussian,4.8615382066143e-06,2.69005845748525e-06,2.17147974912905e-06,2.12774053580277e-06,2.21394041177034e-06,472929715.157553,0.0001,60,1000,2000
30,Severely ill-conditioned stationary Gaussian,4.78388633585119e-06,2.69006333134387e-06,2.09382300450733e-06,2.05185016747399e-06,2.13718604804216e-06,472929715.157553,0.0001,60,1000,2000
35,Severely ill-conditioned stationary Gaussian,4.72980521034103e-06,2.69006354465182e-06,2.03974166568921e-06,1.9970987586699e-06,2.08163872676258e-06,472929715.157553,0.0001,60,1000,2000
40,Severely ill-conditioned stationary Gaussian,4.69291537261916e-06,2.69006355444095e-06,2.00285181817821e-06,1.96051345899917e-06,2.04389423029265e-06,472929715.157553,0.0001,60,1000,2000
45,Severely ill-conditioned stationary Gaussian,4.66753714782172e-06,2.69006355560512e-06,1.9774735922166e-06,1.93426816984708e-06,2.0213737059268e-06,472929715.157553,0.0001,60,1000,2000
50,Severely ill-conditioned stationary Gaussian,4.6503727770501e-06,2.69006355540964e-06,1.96030922164045e-06,1.91886646943612e-06,2.0036329586507e-06,472929715.157553,0.0001,60,1000,2000
55,Severely ill-conditioned stationary Gaussian,4.63866144649351e-06,2.69006355996748e-06,1.94859788652603e-06,1.90318285305112e-06,1.99193885939301e-06,472929715.157553,0.0001,60,1000,2000
60,Severely ill-conditioned stationary Gaussian,4.63036100258555e-06,2.69006355539058e-06,1.94029744719497e-06,1.89582377312947e-06,1.98387275079313e-06,472929715.157553,0.0001,60,1000,2000
65,Severely ill-conditioned stationary Gaussian,4.62459480304183e-06,2.69006355714588e-06,1.93453124589594e-06,1.89078191128432e-06,1.97698612128232e-06,472929715.157553,0.0001,60,1000,2000
70,Severely ill-conditioned stationary Gaussian,4.6206424760935e-06,2.69006355529534e-06,1.93057892079816e-06,1.88847145886194e-06,1.97225208882962e-06,472929715.157553,0.0001,60,1000,2000
75,Severely ill-conditioned stationary Gaussian,4.61785701407151e-06,2.69006355577864e-06,1.92779345829288e-06,1.88473656711824e-06,1.97157482595687e-06,472929715.157553,0.0001,60,1000,2000
80,Severely ill-conditioned stationary Gaussian,4.61583726699514e-06,2.69006355366223e-06,1.9257737133329e-06,1.8835822698488e-06,1.96934732986385e-06,472929715.157553,0.0001,60,1000,2000
85,Severely ill-conditioned stationary Gaussian,4.61433581192921e-06,2.69006355689438e-06,1.92427225503483e-06,1.88127116748245e-06,1.96886744901482e-06,472929715.157553,0.0001,60,1000,2000
90,Severely ill-conditioned stationary Gaussian,4.61320114930495e-06,2.69006355648236e-06,1.92313759282259e-06,1.88061744246432e-06,1.96750032910226e-06,472929715.157553,0.0001,60,1000,2000
95,Severely ill-conditioned stationary Gaussian,4.61239729552068e-06,2.69006355657565e-06,1.92233373894503e-06,1.8796370517691e-06,1.96563351380171e-06,472929715.157553,0.0001,60,1000,2000
100,Severely ill-conditioned stationary Gaussian,4.61177435096516e-06,2.69006356088031e-06,1.92171079008485e-06,1.88040505054365e-06,1.96325382095714e-06,472929715.157553,0.0001,60,1000,2000
105,Severely ill-conditioned stationary Gaussian,4.61131394953813e-06,2.69006355356628e-06,1.92125039597185e-06,1.87746659192609e-06,1.96387780839041e-06,472929715.157553,0.0001,60,1000,2000
110,Severely ill-conditioned stationary Gaussian,4.61096303195587e-06,2.69006355512551e-06,1.92089947683036e-06,1.87701552742361e-06,1.96293588460269e-06,472929715.157553,0.0001,60,1000,2000
115,Severely ill-conditioned stationary Gaussian,4.61068392268255e-06,2.69006355519275e-06,1.9206203674898e-06,1.8768991867787e-06,1.96412751165661e-06,472929715.157553,0.0001,60,1000,2000
120,Severely ill-conditioned stationary Gaussian,4.61046421711963e-06,2.69006355632775e-06,1.92040066079188e-06,1.87794103072448e-06,1.96175356050881e-06,472929715.157553,0.0001,60,1000,2000
125,Severely ill-conditioned stationary Gaussian,4.61029666186949e-06,2.69006355756123e-06,1.92023310430827e-06,1.87749932679694e-06,1.96333788778613e-06,472929715.157553,0.0001,60,1000,2000
130,Severely ill-conditioned stationary Gaussian,4.61015947696738e-06,2.69006355619219e-06,1.92009592077519e-06,1.87861649906696e-06,1.96056628051524e-06,472929715.157553,0.0001,60,1000,2000
135,Severely ill-conditioned stationary Gaussian,4.61005176360462e-06,2.69006355251846e-06,1.91998821108615e-06,1.87702685587732e-06,1.96237588051003e-06,472929715.157553,0.0001,60,1000,2000
140,Severely ill-conditioned stationary Gaussian,4.60997048281294e-06,2.69006355228822e-06,1.91990693052472e-06,1.87663299755537e-06,1.96493565073032e-06,472929715.157553,0.0001,60,1000,2000
145,Severely ill-conditioned stationary Gaussian,4.60990743597049e-06,2.69006355717654e-06,1.91984387879395e-06,1.87720138857558e-06,1.96116947712357e-06,472929715.157553,0.0001,60,1000,2000
150,Severely ill-conditioned stationary Gaussian,4.60985657963613e-06,2.69006355291298e-06,1.91979302672314e-06,1.87655566095608e-06,1.96333487146209e-06,472929715.157553,0.0001,60,1000,2000
155,Severely ill-conditioned stationary Gaussian,4.60981579860492e-06,2.69006355721807e-06,1.91975224138685e-06,1.8768178736119e-06,1.96322608123027e-06,472929715.157553,0.0001,60,1000,2000
160,Severely ill-conditioned stationary Gaussian,4.60978271309728e-06,2.69006355718767e-06,1.91971915590961e-06,1.87761155648894e-06,1.96268608724998e-06,472929715.157553,0.0001,60,1000,2000
165,Severely ill-conditioned stationary Gaussian,4.60975779986876e-06,2.69006355454885e-06,1.91969424531991e-06,1.87775507620413e-06,1.96197680179988e-06,472929715.157553,0.0001,60,1000,2000
170,Severely ill-conditioned stationary Gaussian,4.60973727668173e-06,2.69006355622397e-06,1.91967372045776e-06,1.87824800624781e-06,1.96298097070461e-06,472929715.157553,0.0001,60,1000,2000
175,Severely ill-conditioned stationary Gaussian,4.6097215735923e-06,2.69006356042626e-06,1.91965801316604e-06,1.87596324656359e-06,1.96246845132251e-06,472929715.157553,0.0001,60,1000,2000
180,Severely ill-conditioned stationary Gaussian,4.60970822596229e-06,2.69006355612584e-06,1.91964466983645e-06,1.87805210889114e-06,1.96424639039215e-06,472929715.157553,0.0001,60,1000,2000
185,Severely ill-conditioned stationary Gaussian,4.60969797873855e-06,2.69006355663535e-06,1.9196344221032e-06,1.87697675302153e-06,1.96257001598575e-06,472929715.157553,0.0001,60,1000,2000
190,Severely ill-conditioned stationary Gaussian,4.60968949049364e-06,2.69006355813009e-06,1.91962593236355e-06,1.87584779613442e-06,1.9618612251342e-06,472929715.157553,0.0001,60,1000,2000
195,Severely ill-conditioned stationary Gaussian,4.60968340613882e-06,2.69006355463361e-06,1.91961985150522e-06,1.87690630966305e-06,1.96208199077344e-06,472929715.157553,0.0001,60,1000,2000
200,Severely ill-conditioned stationary Gaussian,4.60967825206595e-06,2.69006355431923e-06,1.91961469774672e-06,1.87731249160762e-06,1.96139117580522e-06,472929715.157553,0.0001,60,1000,2000
