statistic_name,stage_t,mean,bootstrap_ci_low,bootstrap_ci_high,bootstrap_seed,B_boot
Regret_ETO_pop_sims,0,5.411195271427394e-05,5.243178606982913e-05,5.584579729095082e-05,20260913,2000
Regret_ETO_pop_sims,1,5.256758590396689e-05,5.081288856152087e-05,5.445657210810523e-05,20260913,2000
Regret_ETO_pop_sims,2,9.85507150719409e-05,7.436328415726054e-05,0.00013104582364484844,20260913,2000
Regret_ETO_pop_sims,3,0.00013827815563602843,0.00010211833171943099,0.00018228810326472204,20260913,2000
Regret_ETO_pop_sims,4,0.00018875339465622426,0.0001426052214424059,0.0002425583270354955,20260913,2000
Regret_ETO_pop_sims,5,0.0001716603248918131,0.00012405953720041925,0.0002286759906680471,20260913,2000
Regret_ETO_pop_sims,6,0.0002890733344750476,0.00019971856432478182,0.0004122332479740666,20260913,2000
Regret_ETO_pop_sims,7,0.00020856283161499684,0.00016573410670935816,0.00025704298076615267,20260913,2000
Regret_ETO_pop_sims,8,0.00026352855320446055,0.00019459762637701937,0.0003432886014158941,20260913,2000
Regret_ETO_pop_sims,9,0.0002278563710380686,0.00018191403228274167,0.00027687565456793625,20260913,2000
Regret_ETO_pop_sims,10,0.00018301794357488446,0.0001449077632486756,0.00022621427410459628,20260913,2000
Regret_ETO_pop_sims,11,0.0002105093750787928,0.00015738623846090196,0.0002756884931367568,20260913,2000
Regret_ETO_pop_sims,12,0.00022210585861542036,0.00017242602471383308,0.00027556608710274536,20260913,2000
Regret_ETO_pop_sims,13,0.00018506663822665247,0.00015283851350080628,0.0002233519799157298,20260913,2000
Regret_ETO_pop_sims,14,0.00017136107943781857,0.0001386010259324977,0.00020980337390844245,20260913,2000
Regret_ETO_pop_sims,15,0.00019214472786331478,0.0001538913682618,0.0002343970856638611,20260913,2000
Regret_ETO_pop_sims,16,0.0001826622281572468,0.0001467322764526629,0.0002281030827574577,20260913,2000
Regret_ETO_pop_sims,17,0.0001868058227528062,0.0001488212118566232,0.00023459956339432888,20260913,2000
Regret_ETO_pop_sims,18,0.00014960916757964519,0.00012029975253458367,0.00018610515336442814,20260913,2000
Regret_ETO_pop_sims,19,0.0001447984144135098,0.00011190765279598862,0.00018507838809017597,20260913,2000
Regret_ETO_pop_sims,20,0.00016921275589709117,0.00013701869713209747,0.0002076162904066074,20260913,2000
Regret_ETO_pop_sims,21,0.00014901291616629812,0.00011603640555475677,0.00019099683906320886,20260913,2000
Regret_ETO_pop_sims,22,0.0001235236019016526,9.378736302234366e-05,0.00015726729938252232,20260913,2000
Regret_ETO_pop_sims,23,0.000115274441386136,9.169510904309416e-05,0.00014142714445933784,20260913,2000
Regret_ETO_pop_sims,24,0.00010911122418621104,9.085108113427425e-05,0.00013054089395463737,20260913,2000
Regret_ETO_pop_sims,25,0.00011950672807452217,9.391843905770076e-05,0.00014955822353300064,20260913,2000
Regret_ETO_pop_sims,26,9.618682941842668e-05,7.709549380966123e-05,0.00011902333641653225,20260913,2000
Regret_ETO_pop_sims,27,8.210619931329244e-05,6.818396370165015e-05,9.871356115238919e-05,20260913,2000
Regret_ETO_pop_sims,28,8.304757480767788e-05,6.502410225118505e-05,0.00010340932128971216,20260913,2000
Regret_ETO_pop_sims,29,7.069002556051035e-05,5.72962639094199e-05,8.583334535224679e-05,20260913,2000
Regret_ETO_pop_sims,30,6.133274419167492e-05,4.950631702239634e-05,7.563342983607639e-05,20260913,2000
Regret_ETO_pop_sims,31,6.292031122204933e-05,4.858913544421082e-05,7.859610173750212e-05,20260913,2000
Regret_ETO_pop_sims,32,5.242944611227266e-05,4.3034286857997264e-05,6.241753772117197e-05,20260913,2000
Regret_ETO_pop_sims,33,6.236687177936592e-05,5.0979528888459166e-05,7.535093314216437e-05,20260913,2000
Regret_ETO_pop_sims,34,5.045360604034792e-05,4.080374504886691e-05,6.134630077883831e-05,20260913,2000
Regret_ETO_pop_sims,35,3.458603416886401e-05,2.8259514216394517e-05,4.210220116041509e-05,20260913,2000
Regret_ETO_pop_sims,36,4.055876800392459e-05,3.213079987116533e-05,5.024117586346081e-05,20260913,2000
Regret_ETO_pop_sims,37,3.298001442646084e-05,2.673862878297948e-05,4.053763486006596e-05,20260913,2000
Regret_ETO_pop_sims,38,3.0558590592967355e-05,2.364656440002778e-05,3.830935610392036e-05,20260913,2000
Regret_ETO_pop_sims,39,2.0864023408277065e-05,1.710560722407113e-05,2.484774549722412e-05,20260913,2000
Regret_ETO_pop_sims,40,2.1583032157097392e-05,1.799322670127368e-05,2.5474043412131813e-05,20260913,2000
Regret_ETO_pop_sims,41,1.714896679430177e-05,1.4257052317670022e-05,2.0610518854148093e-05,20260913,2000
Regret_ETO_pop_sims,42,1.3621394482159002e-05,1.1161494803452592e-05,1.637599033264442e-05,20260913,2000
Regret_ETO_pop_sims,43,1.0529850715133817e-05,8.855430324552187e-06,1.2538297503615179e-05,20260913,2000
Regret_ETO_pop_sims,44,7.4284348357151806e-06,6.250049540595893e-06,8.709001887898989e-06,20260913,2000
Regret_ETO_pop_sims,45,6.599310549547699e-06,5.633270250054898e-06,7.712989339447846e-06,20260913,2000
Regret_ETO_pop_sims,46,4.762273598596667e-06,4.2272783381657704e-06,5.319515248299578e-06,20260913,2000
Regret_ETO_pop_sims,47,4.253074394477672e-06,3.864982774631231e-06,4.699627577033585e-06,20260913,2000
Regret_ETO_pop_sims,48,3.3367593492550223e-06,3.071610922466878e-06,3.6122451163734074e-06,20260913,2000
Regret_ETO_pop_sims,49,2.7366397922570115e-06,2.5755086438204038e-06,2.913382810223481e-06,20260913,2000
Regret_IEO_pop_sims,0,0.00014959619102227403,0.00014140335635385798,0.00015771666429836582,20260913,2000
Regret_IEO_pop_sims,1,0.0001454462449028492,0.00013686877743148576,0.00015455417134385273,20260913,2000
Regret_IEO_pop_sims,2,0.00015513647558716272,0.00014329707275843143,0.00016848994731807478,20260913,2000
Regret_IEO_pop_sims,3,0.00017911955968169475,0.00015981206068594597,0.00020096688373542256,20260913,2000
Regret_IEO_pop_sims,4,0.00018665203533774902,0.00016737982819990452,0.00020770680787115958,20260913,2000
Regret_IEO_pop_sims,5,0.00018922108596033737,0.00016484735251595027,0.0002193680057086597,20260913,2000
Regret_IEO_pop_sims,6,0.0002118296004399199,0.0001835764213091394,0.0002509719932799378,20260913,2000
Regret_IEO_pop_sims,7,0.00018039521346296066,0.00016160421068845006,0.0002001330876994059,20260913,2000
Regret_IEO_pop_sims,8,0.00020179133570986214,0.00017601877079717737,0.0002290286409204748,20260913,2000
Regret_IEO_pop_sims,9,0.00019642100503672316,0.00017264293432068295,0.00022155138352655503,20260913,2000
Regret_IEO_pop_sims,10,0.00018226006457307245,0.00015776386674991313,0.00020936200894378196,20260913,2000
Regret_IEO_pop_sims,11,0.00017945545047011582,0.00015818921106660453,0.00020377928217022405,20260913,2000
Regret_IEO_pop_sims,12,0.00017976320804583123,0.00015586188501676046,0.0002068798119921514,20260913,2000
Regret_IEO_pop_sims,13,0.00016777834518969404,0.00014519221585518167,0.0001973366670627186,20260913,2000
Regret_IEO_pop_sims,14,0.00014739985078168104,0.000132397529679297,0.00016485092541690505,20260913,2000
Regret_IEO_pop_sims,15,0.00015990717753939815,0.0001391331418929595,0.0001851845468745179,20260913,2000
Regret_IEO_pop_sims,16,0.00014439689407615272,0.0001289921434147355,0.0001605464452845237,20260913,2000
Regret_IEO_pop_sims,17,0.00014386943015419867,0.00012657511513834512,0.00016388464900543565,20260913,2000
Regret_IEO_pop_sims,18,0.00012935375402403502,0.00011380333128029528,0.00014725381655534295,20260913,2000
Regret_IEO_pop_sims,19,0.00012092891141376991,0.00010574014291480434,0.00013630625106137578,20260913,2000
Regret_IEO_pop_sims,20,0.00012138095023035655,0.0001075415185832217,0.0001373767340662789,20260913,2000
Regret_IEO_pop_sims,21,0.00011800008141289584,0.00010462399667595657,0.00013313079046110566,20260913,2000
Regret_IEO_pop_sims,22,0.00011008760992608169,9.458144989525135e-05,0.00012852207640047912,20260913,2000
Regret_IEO_pop_sims,23,9.775370443908656e-05,8.573321644433281e-05,0.0001100261619986885,20260913,2000
Regret_IEO_pop_sims,24,9.635674500701516e-05,8.552299131346948e-05,0.00010832446738652288,20260913,2000
Regret_IEO_pop_sims,25,9.832327943373029e-05,8.704366545050301e-05,0.00011026283746338122,20260913,2000
Regret_IEO_pop_sims,26,8.964197013768097e-05,7.761455200735009e-05,0.00010341903393387374,20260913,2000
Regret_IEO_pop_sims,27,7.48138732739988e-05,6.62292513500836e-05,8.458317990035777e-05,20260913,2000
Regret_IEO_pop_sims,28,7.557370349887385e-05,6.579071381557913e-05,8.697217459553007e-05,20260913,2000
Regret_IEO_pop_sims,29,6.38278725278644e-05,5.6213768990900686e-05,7.151840904122762e-05,20260913,2000
Regret_IEO_pop_sims,30,5.794723019801307e-05,5.0966741604349185e-05,6.622112493838013e-05,20260913,2000
Regret_IEO_pop_sims,31,5.488525786523134e-05,4.748225134127662e-05,6.290625164148874e-05,20260913,2000
Regret_IEO_pop_sims,32,4.863186440790193e-05,4.312605952748071e-05,5.4469673815497745e-05,20260913,2000
Regret_IEO_pop_sims,33,4.937833780702257e-05,4.26929199932881e-05,5.6680876917886395e-05,20260913,2000
Regret_IEO_pop_sims,34,4.1501671725837125e-05,3.637355245708336e-05,4.690431921206604e-05,20260913,2000
Regret_IEO_pop_sims,35,3.0309680591665616e-05,2.678343479498151e-05,3.426330722655791e-05,20260913,2000
Regret_IEO_pop_sims,36,3.218794413486162e-05,2.828361036175502e-05,3.6653238037539505e-05,20260913,2000
Regret_IEO_pop_sims,37,2.7574163970313422e-05,2.4203732431269164e-05,3.128102368405864e-05,20260913,2000
Regret_IEO_pop_sims,38,2.79130845408823e-05,2.3773872951846193e-05,3.236114569490677e-05,20260913,2000
Regret_IEO_pop_sims,39,1.9278630937145788e-05,1.6942489233417265e-05,2.170027777820062e-05,20260913,2000
Regret_IEO_pop_sims,40,1.8655066016004942e-05,1.616022173243141e-05,2.1556745515031356e-05,20260913,2000
Regret_IEO_pop_sims,41,1.4686229725512274e-05,1.2786343642002658e-05,1.6862320543911213e-05,20260913,2000
Regret_IEO_pop_sims,42,1.143500833342744e-05,9.948802016469586e-06,1.3057748289476154e-05,20260913,2000
Regret_IEO_pop_sims,43,8.659403211368153e-06,7.5778441194001334e-06,9.972720112603649e-06,20260913,2000
Regret_IEO_pop_sims,44,6.0173582286422296e-06,5.258404084363781e-06,6.893925221393047e-06,20260913,2000
Regret_IEO_pop_sims,45,4.5048870100392896e-06,3.874198087680679e-06,5.186010083786643e-06,20260913,2000
Regret_IEO_pop_sims,46,3.0116570821122813e-06,2.678198915375424e-06,3.3853737813831387e-06,20260913,2000
Regret_IEO_pop_sims,47,2.1582196846264514e-06,1.8286329353094623e-06,2.5180716350424078e-06,20260913,2000
Regret_IEO_pop_sims,48,1.0428984579115267e-06,9.237569439708975e-07,1.1778748192468608e-06,20260913,2000
Regret_IEO_pop_sims,49,4.2960082879573115e-07,3.836393619111529e-07,4.805256298959486e-07,20260913,2000
Wealth_Paths_ETO,0,1,1,1,20260913,2000
Wealth_Paths_ETO,1,1.007438821905876,1.0070403282270601,1.0078377540737524,20260913,2000
Wealth_Paths_ETO,2,1.014509781521658,1.0139292207536854,1.015114256043996,20260913,2000
Wealth_Paths_ETO,3,1.021714169974764,1.0210037472586186,1.0224755627467643,20260913,2000
Wealth_Paths_ETO,4,1.0290138193750795,1.0281287357052902,1.0300094525804744,20260913,2000
Wealth_Paths_ETO,5,1.0369303337470648,1.0357796517471978,1.038102198732781,20260913,2000
Wealth_Paths_ETO,6,1.044244967278831,1.0429161009769956,1.0456305973074027,20260913,2000
Wealth_Paths_ETO,7,1.0521013746071677,1.0506080203933654,1.0536490680548467,20260913,2000
Wealth_Paths_ETO,8,1.05961813306839,1.05803819982967,1.0612666924379113,20260913,2000
Wealth_Paths_ETO,9,1.0676266274634743,1.0658415606992424,1.069436625111163,20260913,2000
Wealth_Paths_ETO,10,1.075124111557331,1.0731417915623542,1.0770811197219434,20260913,2000
Wealth_Paths_ETO,11,1.0821016269781631,1.0800140843451758,1.0841817604731392,20260913,2000
Wealth_Paths_ETO,12,1.088984947775481,1.086767846249096,1.0912129891269848,20260913,2000
Wealth_Paths_ETO,13,1.09548950481244,1.093170835678101,1.0977708426229538,20260913,2000
Wealth_Paths_ETO,14,1.1023794115282561,1.0999017809297456,1.104732206640005,20260913,2000
Wealth_Paths_ETO,15,1.1089172907247784,1.1062604369276183,1.1113876468324237,20260913,2000
Wealth_Paths_ETO,16,1.1156957731280495,1.1129338533807027,1.1182224919655077,20260913,2000
Wealth_Paths_ETO,17,1.1221989776213255,1.1194172846097112,1.124857470418785,20260913,2000
Wealth_Paths_ETO,18,1.128203944351312,1.1253236602660492,1.130974934315862,20260913,2000
Wealth_Paths_ETO,19,1.133798598503371,1.1308947794867348,1.1367013918520834,20260913,2000
Wealth_Paths_ETO,20,1.1394187788636956,1.1363846290036637,1.1424227705631012,20260913,2000
Wealth_Paths_ETO,21,1.1452238990476487,1.142172596368074,1.1482671838479277,20260913,2000
Wealth_Paths_ETO,22,1.1507884609981391,1.1476932134178024,1.1539753880782748,20260913,2000
Wealth_Paths_ETO,23,1.1563756090937254,1.1531865230224898,1.1595636696693536,20260913,2000
Wealth_Paths_ETO,24,1.1615583315619558,1.158314568951402,1.1648161616873667,20260913,2000
Wealth_Paths_ETO,25,1.1665157863813191,1.1632492132256456,1.1697594129109754,20260913,2000
Wealth_Paths_ETO,26,1.1715283943330301,1.1682014410932848,1.1747203507378954,20260913,2000
Wealth_Paths_ETO,27,1.1763570492583542,1.172946280498319,1.179653528384476,20260913,2000
Wealth_Paths_ETO,28,1.1808183563060266,1.1773021066159717,1.1841379164026071,20260913,2000
Wealth_Paths_ETO,29,1.1852510212712526,1.181713686508548,1.188655002555111,20260913,2000
Wealth_Paths_ETO,30,1.1893784306757975,1.1858653151614515,1.1928229413224145,20260913,2000
Wealth_Paths_ETO,31,1.193061041776767,1.1894718488590992,1.1964977692315946,20260913,2000
Wealth_Paths_ETO,32,1.1967187849892509,1.1931410755031309,1.2002095126256629,20260913,2000
Wealth_Paths_ETO,33,1.2001993739850392,1.1966221749118273,1.2037476740607282,20260913,2000
Wealth_Paths_ETO,34,1.203784912526728,1.2000947800505202,1.207392475640754,20260913,2000
Wealth_Paths_ETO,35,1.207172923317464,1.203425121038301,1.2107991940537874,20260913,2000
Wealth_Paths_ETO,36,1.210100789678701,1.2063662651525702,1.2137184915523496,20260913,2000
Wealth_Paths_ETO,37,1.213109044512151,1.2094207482773567,1.2167123038532808,20260913,2000
Wealth_Paths_ETO,38,1.2156811987136122,1.2119896519662643,1.2193076872153172,20260913,2000
Wealth_Paths_ETO,39,1.2184511884297247,1.2147557090424626,1.2220600048485308,20260913,2000
Wealth_Paths_ETO,40,1.220791331759924,1.217068376408642,1.2243952378611132,20260913,2000
Wealth_Paths_ETO,41,1.2229753473516853,1.219255593965627,1.2266764236469787,20260913,2000
Wealth_Paths_ETO,42,1.2248582904028944,1.2210456745911604,1.2285437556751029,20260913,2000
Wealth_Paths_ETO,43,1.2266805127697462,1.2228387392894617,1.2304083672213328,20260913,2000
Wealth_Paths_ETO,44,1.2283347972686984,1.224474463580564,1.232079624746132,20260913,2000
Wealth_Paths_ETO,45,1.229716027608525,1.2258486038649412,1.233469738473996,20260913,2000
Wealth_Paths_ETO,46,1.230973309855056,1.227122143447414,1.2347417304338533,20260913,2000
Wealth_Paths_ETO,47,1.232145105334398,1.228294514325895,1.2359331793483785,20260913,2000
Wealth_Paths_ETO,48,1.2331191364842047,1.2292547868021177,1.2368734661063663,20260913,2000
Wealth_Paths_ETO,49,1.23392869459938,1.2300428220092516,1.2376760580579949,20260913,2000
Wealth_Paths_ETO,50,1.2345222027020402,1.2306568372419298,1.2382774615654295,20260913,2000
Wealth_Paths_IEO,0,1,1,1,20260913,2000
Wealth_Paths_IEO,1,1.0118925026260386,1.0112145731117055,1.012579869880324,20260913,2000
Wealth_Paths_IEO,2,1.0227250624474526,1.0217177257040284,1.0237069684512519,20260913,2000
Wealth_Paths_IEO,3,1.038554357436401,1.0361770795738199,1.0414353892347794,20260913,2000
Wealth_Paths_IEO,4,1.0601875698949894,1.0548475379668605,1.0659695297344747,20260913,2000
Wealth_Paths_IEO,5,1.0875712581394985,1.0796761648037567,1.095906177301413,20260913,2000
Wealth_Paths_IEO,6,1.1131682217974617,1.1033303822033134,1.1235821832587902,20260913,2000
Wealth_Paths_IEO,7,1.147965216433528,1.1362911026595017,1.1609938363658623,20260913,2000
Wealth_Paths_IEO,8,1.178199116019924,1.1647807363113538,1.192467017921545,20260913,2000
Wealth_Paths_IEO,9,1.2149417795061541,1.1988920668616587,1.2310206959891092,20260913,2000
Wealth_Paths_IEO,10,1.248396764282034,1.2305403046013559,1.2660406754201692,20260913,2000
Wealth_Paths_IEO,11,1.277762290190115,1.2587843414430793,1.2965120009950273,20260913,2000
Wealth_Paths_IEO,12,1.309668631437375,1.2897073320628387,1.3303535351141493,20260913,2000
Wealth_Paths_IEO,13,1.3425489618467619,1.320909421941545,1.364235505627229,20260913,2000
Wealth_Paths_IEO,14,1.3731134998582144,1.3497106722550591,1.3950865819347658,20260913,2000
Wealth_Paths_IEO,15,1.4017592161748358,1.3775920842882152,1.4251749107668408,20260913,2000
Wealth_Paths_IEO,16,1.4341242517873964,1.4089222481920138,1.4580678907366458,20260913,2000
Wealth_Paths_IEO,17,1.4648407756602024,1.4391998302710616,1.489616431851719,20260913,2000
Wealth_Paths_IEO,18,1.4955190874573892,1.469134179452861,1.5211600996552335,20260913,2000
Wealth_Paths_IEO,19,1.5221751042296823,1.495328609603383,1.5492678286360906,20260913,2000
Wealth_Paths_IEO,20,1.547601180485808,1.519690871449789,1.575443492339531,20260913,2000
Wealth_Paths_IEO,21,1.5778449925141067,1.5499256207149268,1.6066176941879315,20260913,2000
Wealth_Paths_IEO,22,1.6052371479426497,1.5757358278888138,1.633900142856569,20260913,2000
Wealth_Paths_IEO,23,1.6309508113643272,1.6013548085892715,1.660797573799658,20260913,2000
Wealth_Paths_IEO,24,1.6542939872847013,1.6240560158202082,1.6843910409004141,20260913,2000
Wealth_Paths_IEO,25,1.6780349639306456,1.6476892040062328,1.7082599046264857,20260913,2000
Wealth_Paths_IEO,26,1.703677900983565,1.6727250120894077,1.734347363571578,20260913,2000
Wealth_Paths_IEO,27,1.7263504061305466,1.6949243962688259,1.7575497677384477,20260913,2000
Wealth_Paths_IEO,28,1.7461000541433027,1.7141318027035224,1.7777130175425662,20260913,2000
Wealth_Paths_IEO,29,1.7661753012104005,1.733829802506541,1.798454758405754,20260913,2000
Wealth_Paths_IEO,30,1.7845986120942772,1.7521597309904058,1.8167378076646843,20260913,2000
Wealth_Paths_IEO,31,1.8011013543347119,1.7684300543125038,1.833783650508741,20260913,2000
Wealth_Paths_IEO,32,1.8183270382297367,1.7856793534673343,1.8512297605886354,20260913,2000
Wealth_Paths_IEO,33,1.833923348263123,1.8014252314899633,1.8675679805715373,20260913,2000
Wealth_Paths_IEO,34,1.8527259763238817,1.820321836377719,1.8859901975371316,20260913,2000
Wealth_Paths_IEO,35,1.868287776559368,1.835634922779569,1.9006634755298946,20260913,2000
Wealth_Paths_IEO,36,1.8802071451289697,1.8474640425615854,1.912583744999988,20260913,2000
Wealth_Paths_IEO,37,1.8938293737760834,1.8611989648956195,1.9266434447413276,20260913,2000
Wealth_Paths_IEO,38,1.906033730817718,1.8733995554358134,1.9389857397211865,20260913,2000
Wealth_Paths_IEO,39,1.9179373966975768,1.88464691150257,1.9509319745446272,20260913,2000
Wealth_Paths_IEO,40,1.926448986982854,1.8933192692952938,1.9599483897302663,20260913,2000
Wealth_Paths_IEO,41,1.9356956143758508,1.9024572932178223,1.969289790322777,20260913,2000
Wealth_Paths_IEO,42,1.9435204699374435,1.9104714819475128,1.9769072062894806,20260913,2000
Wealth_Paths_IEO,43,1.949902093315755,1.9167337307444894,1.9831559321611856,20260913,2000
Wealth_Paths_IEO,44,1.9552059249984644,1.921917877983963,1.9888917226466898,20260913,2000
Wealth_Paths_IEO,45,1.9592628676916723,1.925877181940858,1.9928712953510688,20260913,2000
Wealth_Paths_IEO,46,1.9632597267940888,1.9297907068068176,1.9970001421391788,20260913,2000
Wealth_Paths_IEO,47,1.9661656188161487,1.9327259587430266,1.999716943065282,20260913,2000
Wealth_Paths_IEO,48,1.9688422310471427,1.9353977909354847,2.0026408312635846,20260913,2000
Wealth_Paths_IEO,49,1.9708991849840114,1.9378769255318367,2.0043319766997154,20260913,2000
Wealth_Paths_IEO,50,1.9731592364961799,1.9400898059863296,2.006621477842406,20260913,2000
intercept_gap_sims,0,24.248248684844206,23.25445264205337,25.24274249416909,20260913,2000
intercept_gap_sims,1,19.431696792715645,18.59005291606958,20.283629159112053,20260913,2000
intercept_gap_sims,2,44.968872129245874,36.60756402766221,55.0508202868564,20260913,2000
intercept_gap_sims,3,69.88916814902099,55.83307922461904,85.10244687387419,20260913,2000
intercept_gap_sims,4,90.0247504033876,73.98302687013165,107.08221595223146,20260913,2000
intercept_gap_sims,5,91.8600997596639,76.01248678157245,108.45684317463638,20260913,2000
intercept_gap_sims,6,124.7079202374532,105.01348683384164,145.67548134451357,20260913,2000
intercept_gap_sims,7,117.70683113431194,99.74116846568637,136.0570945893836,20260913,2000
intercept_gap_sims,8,129.43186483201134,109.44463982347467,151.20610081055383,20260913,2000
intercept_gap_sims,9,129.45065471719892,110.14981808754247,149.22322782931352,20260913,2000
intercept_gap_sims,10,115.43242758762639,97.04770833453235,135.5985939407784,20260913,2000
intercept_gap_sims,11,128.9282879522294,109.27421106073935,149.72801372056767,20260913,2000
intercept_gap_sims,12,131.89571680264336,111.51801289305772,153.62885674393883,20260913,2000
intercept_gap_sims,13,128.7355937234247,111.71796472690527,147.19180542176485,20260913,2000
intercept_gap_sims,14,125.40638143896264,107.64467101201346,144.52717933475424,20260913,2000
intercept_gap_sims,15,136.79587728233867,117.87817864439835,156.30207549288951,20260913,2000
intercept_gap_sims,16,133.8422487300956,117.03532858861082,152.59077278740799,20260913,2000
intercept_gap_sims,17,136.88593605545162,119.04887039887149,157.11842441753723,20260913,2000
intercept_gap_sims,18,125.66751175250381,108.69154340161124,143.77195172363514,20260913,2000
intercept_gap_sims,19,114.2715842668709,97.86726758474275,131.47375630610668,20260913,2000
intercept_gap_sims,20,131.38591735397446,113.23777705528963,151.11069520538646,20260913,2000
intercept_gap_sims,21,128.0151022828149,111.3242350331066,146.4039812341979,20260913,2000
intercept_gap_sims,22,107.72681457417566,91.55634903053141,125.40125770206653,20260913,2000
intercept_gap_sims,23,106.50441645951597,90.78914587563615,122.66893524889959,20260913,2000
intercept_gap_sims,24,114.69368166464946,100.14145014072007,130.77632749399433,20260913,2000
intercept_gap_sims,25,117.23889918477369,101.83632513137532,134.66645466264856,20260913,2000
intercept_gap_sims,26,105.29110226001532,91.26196762771002,120.58062867766023,20260913,2000
intercept_gap_sims,27,96.85237096760943,84.10849444004155,110.98182577306515,20260913,2000
intercept_gap_sims,28,96.77223269448817,83.88566512001624,110.82765455570738,20260913,2000
intercept_gap_sims,29,91.30998955938323,79.53937643536821,104.38515420267942,20260913,2000
intercept_gap_sims,30,89.11507758561513,77.2628802604102,102.31401942239638,20260913,2000
intercept_gap_sims,31,86.18459959260541,73.56930505518278,99.12420227602391,20260913,2000
intercept_gap_sims,32,84.79938086392353,73.91511358106962,96.53038926202187,20260913,2000
intercept_gap_sims,33,95.42697758589571,83.14733808946907,108.84302101184338,20260913,2000
intercept_gap_sims,34,82.63104085362183,71.22387496048673,93.65142074831728,20260913,2000
intercept_gap_sims,35,65.09957176408152,56.19522067114099,74.88616022926756,20260913,2000
intercept_gap_sims,36,73.77955671020027,64.11065804329552,84.25883620412684,20260913,2000
intercept_gap_sims,37,73.72419019,63.807134716939146,84.50719044582995,20260913,2000
intercept_gap_sims,38,64.72327423925745,56.101836250192214,73.67321221742205,20260913,2000
intercept_gap_sims,39,55.60824674741515,48.312849999307566,63.205832627941085,20260913,2000
intercept_gap_sims,40,61.74317215422186,53.466597901589495,70.59009651516517,20260913,2000
intercept_gap_sims,41,53.10358079603704,46.38162656528915,60.73566952637359,20260913,2000
intercept_gap_sims,42,46.795800278089594,39.849315205025235,54.070923727459075,20260913,2000
intercept_gap_sims,43,39.45327697671213,34.25887060756217,45.281233664091765,20260913,2000
intercept_gap_sims,44,30.518829448930955,26.2832309045138,34.98428115542054,20260913,2000
intercept_gap_sims,45,29.299336330100086,25.30356211202751,33.67629080961028,20260913,2000
intercept_gap_sims,46,24.93203895799193,21.698991307059913,28.28799540975165,20260913,2000
intercept_gap_sims,47,21.367657792783913,18.744193247798005,24.18907663965923,20260913,2000
intercept_gap_sims,48,13.865882512715434,12.004182043803034,15.838909680040876,20260913,2000
intercept_gap_sims,49,3.7858638133642373,3.218505622158052,4.418629867608979,20260913,2000
slope_gap_sims,0,6.310126467298184,6.095563214343234,6.517782096357652,20260913,2000
slope_gap_sims,1,5.285128293408335,5.095473739056021,5.495588116198411,20260913,2000
slope_gap_sims,2,8.660698723659825,7.623876361434296,9.854060641030685,20260913,2000
slope_gap_sims,3,11.729121450410597,9.991198758779817,13.632667254807725,20260913,2000
slope_gap_sims,4,14.239926949462992,12.317658924133315,16.200223187866563,20260913,2000
slope_gap_sims,5,14.360659769177063,12.483052307752427,16.34010895493312,20260913,2000
slope_gap_sims,6,17.925425899334883,15.555028823156775,20.427723264505975,20260913,2000
slope_gap_sims,7,17.257715678422272,15.144228896658612,19.339623952196174,20260913,2000
slope_gap_sims,8,18.666296063200594,16.19283737284272,21.24318140592406,20260913,2000
slope_gap_sims,9,18.300483336926114,16.033429380215306,20.53652125063516,20260913,2000
slope_gap_sims,10,16.549788007119776,14.426584660965071,18.796521292926485,20260913,2000
slope_gap_sims,11,18.326564329560995,16.060036110735936,20.83106301759575,20260913,2000
slope_gap_sims,12,19.581503116157084,17.051449225890856,22.217977301571292,20260913,2000
slope_gap_sims,13,19.00393132065075,16.84665979392064,21.287174440858234,20260913,2000
slope_gap_sims,14,19.3646232797907,17.17680083350135,21.83394968223196,20260913,2000
slope_gap_sims,15,20.781623843782285,18.411332434637327,23.379624441509264,20260913,2000
slope_gap_sims,16,20.444589667422743,18.20629093448679,22.96670733004563,20260913,2000
slope_gap_sims,17,21.309761086354108,19.019836814074804,24.005706756469497,20260913,2000
slope_gap_sims,18,20.604258385541534,18.27062763602907,22.979495433381658,20260913,2000
slope_gap_sims,19,19.421286188236873,17.149964634006995,21.753605663688493,20260913,2000
slope_gap_sims,20,21.742012871227306,19.188632930005046,24.471869232915694,20260913,2000
slope_gap_sims,21,21.076528246624925,18.7031629290191,23.61233010147408,20260913,2000
slope_gap_sims,22,19.14120370881814,16.805552576691404,21.501414858482185,20260913,2000
slope_gap_sims,23,19.1192154383771,16.775827508895507,21.493415909841787,20260913,2000
slope_gap_sims,24,20.893026809764983,18.593542901198468,23.295401787862705,20260913,2000
slope_gap_sims,25,21.78248792090715,19.286338075756657,24.617349866814017,20260913,2000
slope_gap_sims,26,20.159415969765803,17.81471073310444,22.576182375581613,20260913,2000
slope_gap_sims,27,19.450559274854122,17.33597438770606,21.746174063482357,20260913,2000
slope_gap_sims,28,19.54239302394484,17.4448171677464,21.870366159613287,20260913,2000
slope_gap_sims,29,19.532273025442787,17.50412911835636,21.738586482836727,20260913,2000
slope_gap_sims,30,19.725517291784783,17.63207963274995,22.204689566561782,20260913,2000
slope_gap_sims,31,19.09557607750803,16.857270861543853,21.479279784741028,20260913,2000
slope_gap_sims,32,19.435702868833726,17.373276474383044,21.569154527262317,20260913,2000
slope_gap_sims,33,21.80657030374871,19.462343500905217,24.305413706076134,20260913,2000
slope_gap_sims,34,19.53538928774496,17.29434056231426,21.760040718309156,20260913,2000
slope_gap_sims,35,17.249150711907554,15.359394618677014,19.216893159810148,20260913,2000
slope_gap_sims,36,19.541497751718037,17.402336348179134,21.84305294901044,20260913,2000
slope_gap_sims,37,20.080424624901017,17.92390553800165,22.527450828223515,20260913,2000
slope_gap_sims,38,18.52059329277034,16.47582636664548,20.62572810584913,20260913,2000
slope_gap_sims,39,17.069260973875185,15.234189095579072,18.942393641075487,20260913,2000
slope_gap_sims,40,19.233004226882965,17.103235365840867,21.59936337341055,20260913,2000
slope_gap_sims,41,17.818452801738378,15.913997578866756,19.805750714133243,20260913,2000
slope_gap_sims,42,16.858367976790163,14.867535974758573,18.904624384789436,20260913,2000
slope_gap_sims,43,15.32127321978089,13.691778514294315,17.10851375961892,20260913,2000
slope_gap_sims,44,13.535558746308253,12.182059257708122,14.945995349855675,20260913,2000
slope_gap_sims,45,13.315114852452494,11.94957632516786,14.767973390299417,20260913,2000
slope_gap_sims,46,13.400323792737861,12.132877291159582,14.718889386130545,20260913,2000
slope_gap_sims,47,13.193656116468176,12.03121417103354,14.410600470608623,20260913,2000
slope_gap_sims,48,11.758392610064526,10.87153347181471,12.74528266642063,20260913,2000
slope_gap_sims,49,10.219870078443895,9.623314593451186,10.921106419257837,20260913,2000
intercept_angle_sims,0,7.695163668539355,7.0995846659073445,8.356595077601986,20260913,2000
intercept_angle_sims,1,7.328581467170769,6.73354726721575,7.946505435798915,20260913,2000
intercept_angle_sims,2,8.513261274671947,7.785582730286897,9.264696276604836,20260913,2000
intercept_angle_sims,3,8.247257937700024,7.575009795158329,8.973022497028056,20260913,2000
intercept_angle_sims,4,8.217087005758076,7.596557935815018,8.816925489508712,20260913,2000
intercept_angle_sims,5,7.776137620660073,7.227163909180208,8.383691914250411,20260913,2000
intercept_angle_sims,6,8.362279139314833,7.669878855455982,9.053403116569546,20260913,2000
intercept_angle_sims,7,8.695245454759132,7.968893818600794,9.428195466211836,20260913,2000
intercept_angle_sims,8,7.881487072155091,7.305622271870674,8.53794086380922,20260913,2000
intercept_angle_sims,9,8.165762010490525,7.515724946517812,8.84931788327532,20260913,2000
intercept_angle_sims,10,8.363713858563194,7.719715616062583,9.013386630403735,20260913,2000
intercept_angle_sims,11,8.90100732558111,8.23186107974169,9.63472100106714,20260913,2000
intercept_angle_sims,12,8.11567384099097,7.493955959791688,8.793681962193007,20260913,2000
intercept_angle_sims,13,8.555559758990904,7.904348012428952,9.272820153021593,20260913,2000
intercept_angle_sims,14,8.168800720239245,7.560962354361767,8.846186238923664,20260913,2000
intercept_angle_sims,15,7.866948056443567,7.232627418218529,8.5101881522534,20260913,2000
intercept_angle_sims,16,8.474348127889188,7.812856863941406,9.116859665127633,20260913,2000
intercept_angle_sims,17,8.839607070529635,8.157513648287766,9.511458146422827,20260913,2000
intercept_angle_sims,18,8.627204474558416,7.929617575970458,9.341273461048658,20260913,2000
intercept_angle_sims,19,8.364097206350271,7.719917274825315,9.065427988063188,20260913,2000
intercept_angle_sims,20,8.505009019868117,7.868934229438043,9.191346837724826,20260913,2000
intercept_angle_sims,21,8.123896424955445,7.528926022789588,8.755741675933702,20260913,2000
intercept_angle_sims,22,8.901933830068874,8.204566889474844,9.62446812452369,20260913,2000
intercept_angle_sims,23,8.050956459512747,7.478784875595003,8.649072465492868,20260913,2000
intercept_angle_sims,24,8.030337955335035,7.433808675046179,8.623992910177822,20260913,2000
intercept_angle_sims,25,8.282275359121247,7.655163221693094,8.955752733109717,20260913,2000
intercept_angle_sims,26,8.16980934280762,7.5254404318541015,8.802756886057951,20260913,2000
intercept_angle_sims,27,8.787226546415281,8.126371925978734,9.528319225145568,20260913,2000
intercept_angle_sims,28,8.323914685604976,7.655132433780823,9.038533292734051,20260913,2000
intercept_angle_sims,29,8.424898832306505,7.82966892146342,9.087697661904546,20260913,2000
intercept_angle_sims,30,8.672794749416365,8.021452297370452,9.344453246225493,20260913,2000
intercept_angle_sims,31,8.126342194935075,7.482099431832716,8.800039223600647,20260913,2000
intercept_angle_sims,32,8.304923030163549,7.7043459588347964,8.944474950747038,20260913,2000
intercept_angle_sims,33,8.162487153639193,7.561979347502692,8.797565217724815,20260913,2000
intercept_angle_sims,34,8.158308475757583,7.5027189900978355,8.83514486609559,20260913,2000
intercept_angle_sims,35,8.55830722729694,7.906363074754309,9.258236348627362,20260913,2000
intercept_angle_sims,36,9.328322481085582,8.634836644309127,10.126578334114381,20260913,2000
intercept_angle_sims,37,8.797499953251107,8.13592000680882,9.441814994575834,20260913,2000
intercept_angle_sims,38,8.06173772865012,7.482283230563927,8.700450275699877,20260913,2000
intercept_angle_sims,39,8.095316552695436,7.485651801294803,8.716960303991458,20260913,2000
intercept_angle_sims,40,8.016343029545613,7.434147302843462,8.624844656491982,20260913,2000
intercept_angle_sims,41,8.811890046239208,8.167073076090448,9.50568791604263,20260913,2000
intercept_angle_sims,42,8.804992324287872,8.122302325406865,9.519493639898158,20260913,2000
intercept_angle_sims,43,8.490779809278061,7.887601292770806,9.14115755390144,20260913,2000
intercept_angle_sims,44,8.347122894264405,7.741413039510209,8.993675774766897,20260913,2000
intercept_angle_sims,45,7.921265167700196,7.31392846080423,8.537159209547074,20260913,2000
intercept_angle_sims,46,8.56606484525925,7.901895889365305,9.244234833113776,20260913,2000
intercept_angle_sims,47,7.715411156698049,7.114444213186553,8.333704244076245,20260913,2000
intercept_angle_sims,48,8.368758006703272,7.716055986625012,9.0918095244535,20260913,2000
intercept_angle_sims,49,8.104527774502893,7.491758496920371,8.74215607555605,20260913,2000
slope_angle_sims,0,9.594790865586384,8.249720672228081,10.972246314035294,20260913,2000
slope_angle_sims,1,6.4476919197988005,5.458314467269924,7.471226317500965,20260913,2000
slope_angle_sims,2,7.420291769222451,6.240602260614979,8.563359396807837,20260913,2000
slope_angle_sims,3,9.51857511549072,8.115491557593364,10.957210450689923,20260913,2000
slope_angle_sims,4,10.260379009076763,8.773480289282896,11.804298287971983,20260913,2000
slope_angle_sims,5,9.704290822976612,8.277628988383151,11.16323519967608,20260913,2000
slope_angle_sims,6,11.464833599187616,9.952450836445763,13.10403844129296,20260913,2000
slope_angle_sims,7,11.028214602053461,9.501590832689415,12.644788091904925,20260913,2000
slope_angle_sims,8,10.778862823969558,9.265462870032252,12.361756583317455,20260913,2000
slope_angle_sims,9,10.846972941908257,9.399618964463684,12.32431746493029,20260913,2000
slope_angle_sims,10,11.048708033300493,9.561961699280172,12.566723522654806,20260913,2000
slope_angle_sims,11,10.195389552094507,8.800431057644651,11.682733172627573,20260913,2000
slope_angle_sims,12,9.358318014009637,8.025302180732403,10.8310156064938,20260913,2000
slope_angle_sims,13,11.241246613861891,9.688765438147295,12.870845520765604,20260913,2000
slope_angle_sims,14,10.385439380682561,8.915177577463584,11.940870943492039,20260913,2000
slope_angle_sims,15,11.342658336147618,9.800481582589383,12.92246404752047,20260913,2000
slope_angle_sims,16,12.474128559874066,10.940521394277251,14.160780048705153,20260913,2000
slope_angle_sims,17,10.610839989168468,9.168388497660544,12.156145409542264,20260913,2000
slope_angle_sims,18,10.32186645029408,8.96194851148718,11.89558364709137,20260913,2000
slope_angle_sims,19,9.782081997435991,8.455981493323034,11.205204966523604,20260913,2000
slope_angle_sims,20,11.202531390980658,9.703518705098565,12.72690936,20260913,2000
slope_angle_sims,21,12.721485473525565,11.073893776830818,14.518797327252411,20260913,2000
slope_angle_sims,22,10.139853906525698,8.695666567153967,11.58859220140977,20260913,2000
slope_angle_sims,23,10.118902179933622,8.790649660587437,11.588096206977365,20260913,2000
slope_angle_sims,24,10.539712922646315,9.008563014444515,12.08837410851438,20260913,2000
slope_angle_sims,25,11.284116216187709,9.774360702268924,12.842617124038087,20260913,2000
slope_angle_sims,26,11.708731089823843,10.11207926846614,13.351630021654861,20260913,2000
slope_angle_sims,27,10.347734478455276,8.950426754801631,11.827866368602288,20260913,2000
slope_angle_sims,28,10.859666836506278,9.335676681882447,12.424857458347889,20260913,2000
slope_angle_sims,29,9.393335588518115,8.020344606493293,10.807102482555054,20260913,2000
slope_angle_sims,30,9.547828028268324,8.171547910890618,10.934146196406841,20260913,2000
slope_angle_sims,31,9.649662298530687,8.279641957384301,11.114333881407193,20260913,2000
slope_angle_sims,32,9.91311150341959,8.515813418155966,11.360479491202945,20260913,2000
slope_angle_sims,33,10.526289299037591,9.072821094044295,12.055710949479273,20260913,2000
slope_angle_sims,34,10.673110891985717,9.144379939411165,12.200403721181326,20260913,2000
slope_angle_sims,35,9.209787493370724,7.8935985022308675,10.54073304401327,20260913,2000
slope_angle_sims,36,10.171246664043712,8.753943673553284,11.683133346570534,20260913,2000
slope_angle_sims,37,9.213773663956763,7.845300798322849,10.599476226254584,20260913,2000
slope_angle_sims,38,9.392451742755984,8.025539022302603,10.856634689459856,20260913,2000
slope_angle_sims,39,8.564039138585478,7.251569809270622,9.873791225145519,20260913,2000
slope_angle_sims,40,8.714296903002104,7.457095381404583,10.06870601630074,20260913,2000
slope_angle_sims,41,7.64632356494487,6.4721810124882495,8.851107053818385,20260913,2000
slope_angle_sims,42,7.645610781520273,6.49835029848392,8.880528598776024,20260913,2000
slope_angle_sims,43,7.502695467081881,6.3420057077045975,8.777817146845793,20260913,2000
slope_angle_sims,44,5.80433577935979,4.80068131068906,6.80837999652326,20260913,2000
slope_angle_sims,45,6.3674298365063855,5.315155592466645,7.493611456847557,20260913,2000
slope_angle_sims,46,5.063743962777908,4.169150958585039,6.022471621478056,20260913,2000
slope_angle_sims,47,5.212651642639912,4.31128770534717,6.13464177715947,20260913,2000
slope_angle_sims,48,3.939515374285208,3.271425628981482,4.68811297054386,20260913,2000
slope_angle_sims,49,2.24305916557613,2.025399264938111,2.486673932380322,20260913,2000
