stage_t,regret_pop_eto_mean,regret_pop_ieo_mean,regret_pop_eto_se,regret_pop_ieo_se,regret_pop_eto_minus_ieo,delta_paired_bootstrap_ci_low,delta_paired_bootstrap_ci_high,regret_pop_eto_median,regret_pop_ieo_median,regret_pop_eto_p90,regret_pop_ieo_p90,regret_pop_eto_p95,regret_pop_ieo_p95,regret_pop_eto_p99,regret_pop_ieo_p99,max_regret_eto,max_regret_ieo,max_contribution_to_mean_eto,max_contribution_to_mean_ieo
0,5.4111952714274e-05,0.000149596191022274,8.76293283006552e-07,4.15371446727566e-06,-9.54842383080001e-05,-0.000103390133750288,-8.84181463938948e-05,4.37410169487619e-05,9.18251098190167e-05,0.000100905705458416,0.000318984295377575,0.000130056823539602,0.000463959981068017,0.000200179116705829,0.000998611309253738,0.000324352408463407,0.00183268541657648,0.00299704956293185,0.00612544144357125
1,5.25675859039669e-05,0.000145446244902849,9.44324870710688e-07,4.56347234534388e-06,-9.28786589988823e-05,-0.000101179170435724,-8.55063201000389e-05,4.14288409541301e-05,8.52484689529146e-05,9.76439762387999e-05,0.000304657871243582,0.000127034167731081,0.00047413669766984,0.000207730579415926,0.00100078641287044,0.000566458549087917,0.00262562354582936,0.00538790719934098,0.00902609602462801
2,9.85507150719408e-05,0.000155136475587163,1.47204804412596e-05,6.63306466656729e-06,-5.65857605152219e-05,-7.87283720873613e-05,-3.04050692962551e-05,4.21924343932334e-05,8.31146799505597e-05,0.000108610116533658,0.000299928199582566,0.00016423017741603,0.000487556630856367,0.000687399555471278,0.00119297220368896,0.0218740221731866,0.00690527145054291,0.110978505621287,0.0222554735255128
3,0.000138278155636028,0.000179119559681695,2.07661790503245e-05,1.02892854625125e-05,-4.08414040456663e-05,-6.86688389111673e-05,-3.79763216784238e-06,4.25011921384212e-05,8.54936913719107e-05,0.000121568024119275,0.000344341317937631,0.000199237223871085,0.000539580699397944,0.00200933580213151,0.00182510105440711,0.0299902643136376,0.0122618590161977,0.108441800426443,0.0342281407959792
4,0.000188753394656224,0.000186652035337749,2.51950458342565e-05,1.01249321816075e-05,2.10135931847538e-06,-3.35106338970831e-05,4.768018411954e-05,4.03835676279733e-05,8.18726001547839e-05,0.000145405953773714,0.000342667677821616,0.000273192939365146,0.000596292848791276,0.00474250894230342,0.00202351409848726,0.0309719854810583,0.00832365862459053,0.0820435191045634,0.0222972618796489
5,0.000171660324891813,0.000189221085960337,2.80298429171943e-05,1.36352073881356e-05,-1.75607610685243e-05,-6.0001380471183e-05,3.87429755140658e-05,3.87041651540224e-05,7.62254552720255e-05,0.000142616359607637,0.000319727243322387,0.000312744928966709,0.000615252541397043,0.00250006015680009,0.00207135562340049,0.0396946656088293,0.0175286579776537,0.115619802169914,0.0463179298667799
6,0.000289073334475047,0.00021182960043992,5.24463432200114e-05,1.64862751174982e-05,7.72437340351274e-05,8.498426510094e-06,0.000161650568533425,3.91240959535764e-05,7.75994108591173e-05,0.000170051026322231,0.000402038835675212,0.000467808505457309,0.000763353494873864,0.00594600802974543,0.0024056433243876,0.0810460554606005,0.0257841494307189,0.140182517366707,0.0608605911949306
7,0.000208562831614997,0.000180395213462961,2.30980188510771e-05,9.66696979824667e-06,2.81676181520362e-05,-4.91481266033691e-06,6.64007136457529e-05,3.75918440132105e-05,7.34673077248024e-05,0.00017259410148069,0.000330067287094916,0.000552982371618852,0.000623767266930054,0.0038831400712067,0.00236141439153479,0.0174554677954387,0.00679488743618718,0.0418470243721594,0.0188333362780225
8,0.000263528553204461,0.000201791335709862,3.79372589241689e-05,1.42039140219891e-05,6.17372174945985e-05,6.12177200481462e-06,0.000127835084497483,3.57805320884548e-05,7.30442737567627e-05,0.000192535871251208,0.000353371379814987,0.000718898815438256,0.000691861910121027,0.00428250239459758,0.00247304274635377,0.0401161161688943,0.0156909926886461,0.0761134148104436,0.038879252752474
9,0.000227856371038069,0.000196421005036723,2.4439231875817e-05,1.26316014972373e-05,3.14353660013454e-05,-3.67228411789233e-06,7.09151989422889e-05,3.52667657529182e-05,6.89667142521474e-05,0.000169690910867648,0.000355037074000655,0.000683735888261346,0.000651588452194702,0.00547796280025181,0.00276386553745442,0.0173317668500367,0.0119676311247132,0.0380322190928359,0.0304642345213429
10,0.000183017943574885,0.000182260064573072,2.1144485134565e-05,1.27459874488242e-05,7.57879001812086e-07,-2.92209774713291e-05,3.43641805650542e-05,3.2807085212711e-05,6.4813337038848e-05,0.000149028535841178,0.00032520691526784,0.000431940421952555,0.000584543496741584,0.00380451226558958,0.00206988434829677,0.0213804494028794,0.0119657811343025,0.0584108011085023,0.0328261189919229
11,0.000210509375078793,0.000179455450470116,2.98078136258119e-05,1.21985274782899e-05,3.1053924608677e-05,-1.14105656438714e-05,8.55091322561005e-05,3.09845276851857e-05,6.27913681387556e-05,0.000178222772672186,0.000325038859827965,0.000650875183784433,0.000656148479817669,0.00358049534074409,0.00241883343785071,0.0453001528884411,0.0147463864601396,0.107596521227345,0.0410864825267464
12,0.00022210585861542,0.000179763208045831,2.77363446080006e-05,1.34105511640449e-05,4.23426505695893e-05,-1.11648819767061e-06,8.98552953004999e-05,2.97646696578125e-05,5.94696589864334e-05,0.000159407108932219,0.000289263775708432,0.000547369343244283,0.000576345403157485,0.00512988286529812,0.00265672158044612,0.0202014004201366,0.0134992909309251,0.0454769643314893,0.0375474244081232
13,0.000185066638226652,0.000167778345189694,1.83356023552472e-05,1.36027436560059e-05,1.72882930369585e-05,-1.14342270208704e-05,4.84219820615748e-05,2.73816330141504e-05,5.66574181485395e-05,0.000176275749598089,0.000290626801121767,0.000665764401345963,0.000568644744359487,0.00425514165835748,0.00204189904469853,0.0154868161423662,0.0179618083630448,0.0418411883707517,0.0535283869403312
14,0.000171361079437819,0.000147399850781681,1.76832557153851e-05,8.26336479672295e-06,2.39612286561376e-05,-3.19882319716258e-07,5.20605249630274e-05,2.68446067788265e-05,5.60224875511708e-05,0.000177410515556183,0.000291006381267505,0.000538035859287284,0.000540349525240988,0.0041489433163555,0.00191281786358799,0.0150538697295406,0.00666610824581759,0.0439244132300274,0.0226123303736955
15,0.000192144727863315,0.000159907177539398,2.067120785686e-05,1.22909611065554e-05,3.22375503239166e-05,4.39812038057065e-06,6.56292300928276e-05,2.50735926010737e-05,5.12302206267149e-05,0.00018226396635427,0.000274802102427753,0.000616020403325309,0.000510255017276457,0.00448591800818141,0.00232762198356287,0.0148739934141942,0.0153868269014281,0.0387051822331941,0.0481117456332973
16,0.000182662228157247,0.000144396894076153,2.07701326657134e-05,7.93049470772763e-06,3.82653340810942e-05,1.03276734087741e-05,7.1345782081031e-05,2.43345155480331e-05,4.97222847209064e-05,0.000196359388703358,0.000281476683826086,0.000705231102712827,0.00055378040277833,0.00353753454723253,0.00205101216819638,0.023527455053803,0.00484692461015057,0.0644015330677702,0.0167833409477436
17,0.000186805822752806,0.000143869430154199,2.18513560970236e-05,9.66157971317229e-06,4.29363925986075e-05,1.19662946065984e-05,7.9195828148902e-05,2.32720810994005e-05,4.42025303631123e-05,0.000146934750795148,0.000237152853394924,0.000681227647959758,0.000522894011231626,0.00439218677628145,0.00192561867509942,0.025847394155218,0.00721498993642277,0.0691825173710483,0.0250747845761597
18,0.000149609167579645,0.000129353754024035,1.63805446664665e-05,8.52808043960367e-06,2.02554135556103e-05,-3.92390608262294e-06,4.88958592786906e-05,2.11244300486665e-05,4.34139615223461e-05,0.000154663929824219,0.000236342098605748,0.000568309240075448,0.00047263880246929,0.00268162811217599,0.00162617439539334,0.0182028497504619,0.00736017061647234,0.0608346735863347,0.0284497758569294
19,0.00014479841441351,0.00012092891141377,1.90436556863456e-05,7.72121350487023e-06,2.38695029997398e-05,-1.8179016240338e-06,5.66988395900114e-05,2.02896657180054e-05,4.104889770203e-05,0.000123307666705628,0.000198224159373199,0.000472390321509795,0.0004288316094749,0.00280647238831032,0.00172507249624517,0.0248315175824215,0.00504134612384169,0.0857451294718899,0.0208442549631173
20,0.000169212755897091,0.000121380950230356,1.81000372950926e-05,7.5264344153573e-06,4.78318056667347e-05,2.14745402793006e-05,7.78964068552807e-05,1.95017833966849e-05,3.87797709742842e-05,0.000166461953229866,0.00022565740553223,0.000560154055371774,0.000464494344715027,0.00395406901996239,0.00166289369211807,0.0141581459333807,0.00471490243715688,0.0418353387672239,0.0194219209365594
21,0.000149012916166298,0.000118000081412896,1.88963121952813e-05,7.27773421988101e-06,3.10128347534023e-05,5.76881776999697e-06,6.08446980387321e-05,1.78890827772776e-05,3.71479791995251e-05,0.000178449834019825,0.00023297462191908,0.000600706174016153,0.000451993119124531,0.00255147200477347,0.00175594084423983,0.0276348077348824,0.00754668521685949,0.092726216108817,0.0319774576699349
22,0.000123523601901653,0.000110087609926082,1.6408514874251e-05,8.7801319593005e-06,1.3435991975571e-05,-7.61787435546813e-06,4.05339282177292e-05,1.70008651915765e-05,3.41880506038149e-05,0.000110468434249798,0.000204052934796552,0.00036349436654551,0.000429813343361893,0.00256556442228869,0.00118832219866511,0.020996742641638,0.00939592835843295,0.0849908127612536,0.0426747767743429
23,0.000115274441386136,9.77537044390866e-05,1.24684473445086e-05,6.29828404592646e-06,1.75207369470494e-05,-1.1373399346832e-06,3.7512151895649e-05,1.55172820557875e-05,3.12571417770736e-05,0.000102891383044998,0.000180111344278844,0.000354394897174043,0.000355469226738349,0.00244677682118103,0.00137706096665925,0.00961254573753423,0.00409290942912722,0.0416941761848795,0.0209348047350862
24,0.000109111224186211,9.63567450070152e-05,1.01791170297193e-05,5.71829473798326e-06,1.27544791791959e-05,-2.4990514345141e-06,2.80626446354132e-05,1.47555779150557e-05,2.97145038724538e-05,0.000115855958804694,0.000174944976099463,0.000470340939448716,0.00038656970868972,0.00210289997978957,0.0013309313796406,0.00806649042153512,0.00301661690859919,0.036964530834008,0.0156533769814431
25,0.000119506728074522,9.83232794337303e-05,1.42298265388843e-05,6.01437173472513e-06,2.11834486407919e-05,4.90733920086524e-07,4.5375216675965e-05,1.42711641126904e-05,2.83337260428797e-05,0.000118941769581999,0.000166621107922841,0.000418407002920399,0.000410292786344228,0.00244881598797153,0.0015092155453308,0.0131702485827616,0.00346555426991442,0.0551025402291528,0.0176232642456266
26,9.61868294184267e-05,8.9641970137681e-05,1.0614627608154e-05,6.36947779780555e-06,6.54485928074569e-06,-7.36638752055561e-06,2.20281670004189e-05,1.25823522473469e-05,2.65322551370722e-05,9.98398724827051e-05,0.000164555593337728,0.000339237744502339,0.000343482887618449,0.00167621315730246,0.00116405647448455,0.010718549506066,0.0061092733220721,0.0557173449362737,0.0340759652687735
27,8.21061993132924e-05,7.48138732739988e-05,7.88031859791512e-06,4.91246999522071e-06,7.29232603929365e-06,-2.54559444785932e-06,1.70972064493626e-05,1.16879779083337e-05,2.4121086880236e-05,9.10356244093864e-05,0.000132730169478568,0.000319428986487298,0.000268155226267634,0.00176945517853413,0.0010725841974334,0.00692533723186466,0.00399104140871741,0.0421730471620033,0.0266731371740412
28,8.30475748076779e-05,7.55737034988739e-05,9.87226498946467e-06,5.25668849166122e-06,7.47387130880403e-06,-7.27583965165139e-06,2.51972757331007e-05,1.12685126416845e-05,2.20271427661542e-05,7.91812358822882e-05,0.000125591137858122,0.000318603660371713,0.000270174910501119,0.00153941242358494,0.00120209324280275,0.0105144732209331,0.00494237225118892,0.0633039149263697,0.0326990211037002
29,7.06900255605104e-05,6.38278725278644e-05,7.65589264000677e-06,4.00380203417955e-06,6.86215303264597e-06,-3.7111944632513e-06,1.93061401347139e-05,9.42973796783224e-06,1.905855625971e-05,6.4317710433205e-05,0.000108522946967261,0.000263994486718434,0.000256369325226587,0.0014142172374616,0.000834094904328583,0.00834610688365083,0.00268059330462989,0.059033129621,0.0209986107829277
30,6.13327441916749e-05,5.7947230198013e-05,6.60498148693524e-06,3.78339475833131e-06,3.38551399366188e-06,-5.72143330612919e-06,1.54015687063217e-05,8.8270601515436e-06,1.76694026739163e-05,5.98178524753511e-05,0.000103352152422856,0.000243334572509317,0.00023787961385883,0.00137945284079195,0.000839584591201798,0.00792695755933599,0.00298349709815848,0.0646225573615534,0.025743224378141
31,6.29203112220493e-05,5.48852578652313e-05,7.61363304438118e-06,3.93242097299334e-06,8.03505335681802e-06,-1.23140263554385e-06,1.93007250525859e-05,8.55002706176962e-06,1.6842619240848e-05,5.73525019683288e-05,8.60057518444743e-05,0.000202747555622816,0.000191785778525073,0.0011781773837771,0.000809337347679327,0.00817868918483323,0.00355930337009472,0.0649924406442474,0.0324249489620187
32,5.24294461122727e-05,4.86318644079019e-05,5.11060775797563e-06,2.82245974697636e-06,3.79758170437075e-06,-3.34769723684602e-06,1.1639237344075e-05,7.70258703335043e-06,1.5096368261975e-05,6.17890148533786e-05,8.92674864293587e-05,0.000236096948404757,0.000196712684479592,0.00103881032329843,0.000717324612713269,0.0048395212127877,0.00148685878697223,0.0461527020753216,0.0152868783160475
33,6.2366871779366e-05,4.93783378070226e-05,6.42221548271562e-06,3.55804883922661e-06,1.29885339723434e-05,4.00340734026887e-06,2.26562982366775e-05,7.0149367828835e-06,1.43371905672809e-05,6.42210349049681e-05,8.56308138486179e-05,0.000220851035023438,0.000193732292144916,0.001330593629366,0.000669939652401022,0.00569897509469688,0.00252123867434749,0.0456891209395433,0.0255298050351638
34,5.04536060403479e-05,4.15016717258371e-05,5.29499434069672e-06,2.70767769935034e-06,8.95193431451081e-06,1.47298640088514e-06,1.74215934553374e-05,6.45613408793688e-06,1.27275318514584e-05,5.68257525477763e-05,7.46240709745445e-05,0.000179960600647299,0.000156633362562083,0.00103620118250954,0.000587065219436367,0.00425345839362941,0.00255505140216478,0.0421521743185998,0.0307825118352295
35,3.4586034168864e-05,3.03096805916656e-05,3.49143218633844e-06,1.87376525018799e-06,4.2763535771984e-06,-9.76957345326249e-07,1.01076662834883e-05,5.59956022891144e-06,1.06785565532805e-05,3.75192600353058e-05,5.33170688673846e-05,0.000110706713654631,0.000115179487269005,0.000779772607334714,0.000386827356721054,0.0028815703238402,0.00175112706838538,0.0416580043518596,0.0288872570446502
36,4.05587680039246e-05,3.21879441348616e-05,4.80852734037982e-06,2.24437353094976e-06,8.37082386906297e-06,1.86856626144679e-06,1.60804781197051e-05,5.00475788491453e-06,9.2965439186868e-06,3.9360950780239e-05,5.8657675213605e-05,0.000141950588759243,0.000122800109661281,0.000770584887564166,0.000453753196047654,0.00499255979798034,0.0018137250299728,0.0615472318771769,0.0281739806427776
37,3.29800144264609e-05,2.75741639703134e-05,3.47443856877815e-06,1.80147450551318e-06,5.40585045614744e-06,3.79337040126589e-07,1.07872367070842e-05,4.45056322419709e-06,8.04041985724676e-06,3.71238174128808e-05,4.64172838295733e-05,0.000123764401377549,0.000113290870841376,0.000653729737613424,0.000389732458893081,0.00418278840288274,0.00103743932627634,0.063413986858762,0.0188118001944367
38,3.05585905929674e-05,2.79130845408823e-05,3.81283456738302e-06,2.29245066698555e-06,2.64550605208505e-06,-2.21682442575781e-06,8.29252289041063e-06,4.0168304034726e-06,7.21385274604762e-06,3.15969546883284e-05,4.19423497198147e-05,0.000101213376133128,8.96371859256285e-05,0.00050112816939961,0.000468332420538574,0.00436453465044145,0.00207959848797938,0.0714125646135966,0.0372513199846033
39,2.08640234082771e-05,1.92786309371458e-05,1.96217644626813e-06,1.20397271366219e-06,1.58539247113129e-06,-1.15675966947702e-06,4.50740479586505e-06,3.46377957764226e-06,6.01212235367031e-06,2.87220348168312e-05,3.54529161169046e-05,7.91849265548023e-05,7.45281521238891e-05,0.000350703602527322,0.00027516087136015,0.00148002499426956,0.000779174405926401,0.0354683505982458,0.0202082401096516
40,2.15830321570974e-05,1.86550660160049e-05,1.94315051841535e-06,1.36933272456617e-06,2.92796614109245e-06,2.34074357444445e-07,5.86796879399698e-06,3.1685853428983e-06,5.25205913414289e-06,2.7758724908458e-05,2.77384337497357e-05,9.11988410043576e-05,7.43139803046347e-05,0.000457860132666285,0.000290891825400695,0.00148185286021774,0.00139876709951127,0.0343291167207579,0.0374902747144183
41,1.71489667943018e-05,1.46862297255123e-05,1.59301623017443e-06,1.01123085884319e-06,2.4627370687895e-06,4.71848475225112e-07,4.69270222287548e-06,2.66627462192963e-06,3.91748795288358e-06,2.09673691894441e-05,2.50965260657379e-05,6.80537668641943e-05,5.11137090282784e-05,0.000375493801178357,0.000241164132363675,0.00123189155504377,0.00085200670001474,0.0359173695366037,0.0290069921259189
42,1.3621394482159e-05,1.14350083334274e-05,1.37572949380038e-06,8.16723689163029e-07,2.18638614873156e-06,3.19455598727557e-07,4.29337880560835e-06,2.36001964028853e-06,3.24290363324668e-06,1.7791546688637e-05,1.82013752506223e-05,4.63514028607209e-05,4.16771563462032e-05,0.000269043851454075,0.00018942861808939,0.00129288250807249,0.00053534700423857,0.0474577881789516,0.0234082472276655
43,1.05298507151338e-05,8.65940321136815e-06,9.24279148365465e-07,6.06092827706566e-07,1.87044750376568e-06,5.85123823583896e-07,3.17342711384517e-06,2.00759839838444e-06,2.5990718080761e-06,1.57814543070434e-05,1.48632771573101e-05,4.1412995854377e-05,3.14971067303095e-05,0.000175656431590081,0.00012801322736973,0.000936570603599501,0.000487064241596483,0.0444721691188572,0.0281234300856357
44,7.42843483571518e-06,6.01735822864223e-06,6.29953905846757e-07,4.29023421667173e-07,1.41107660707295e-06,4.77164128124808e-07,2.37551881188591e-06,1.7215104378723e-06,1.8925193360106e-06,1.14616690361727e-05,1.04753850135025e-05,2.56839867124716e-05,2.19798176495603e-05,0.000113711478193592,7.92171300910369e-05,0.000529365169115493,0.000387965805191841,0.0356310030863001,0.0322372202593116
45,6.5993105495477e-06,4.50488701003929e-06,5.54546103730948e-07,3.34189479962515e-07,2.09442353950841e-06,1.42774656428849e-06,2.8563686518223e-06,1.46950422069691e-06,1.33181606897401e-06,1.13591009742897e-05,7.50139329711541e-06,2.49935993798234e-05,1.50474792362661e-05,0.000108410491312525,6.61943929130532e-05,0.000614887768479865,0.000296281396901501,0.0465872733116043,0.0328844426332146
46,4.76227359859666e-06,3.01165708211228e-06,2.8639814219158e-07,1.8487271990791e-07,1.75061651648438e-06,1.34486790199885e-06,2.18147592995571e-06,1.28998629290081e-06,9.10162104955916e-07,9.63782541767863e-06,5.82863876492775e-06,1.94116341620635e-05,1.18936735378937e-05,5.94439197496947e-05,4.18503512477804e-05,0.000206510639438929,0.000122447287121047,0.0216819377513067,0.0203288893427346
47,4.25307439447767e-06,2.15821968462645e-06,2.19629226995768e-07,1.78994376101018e-07,2.09485470985122e-06,1.7640133489655e-06,2.43639355602787e-06,1.18777565909086e-06,5.12211209500211e-07,9.95057504330944e-06,3.97351557778627e-06,1.78630138029065e-05,8.33792650211805e-06,5.5217321170493e-05,3.11437130476494e-05,0.000157566315740763,0.000185613359766309,0.0185238137317034,0.0430014981997617
48,3.33675934925502e-06,1.04289845791153e-06,1.3926644199062e-07,6.53814411315588e-08,2.2938608913435e-06,2.05783112392392e-06,2.52213066966845e-06,1.14380634195513e-06,2.58066074488025e-07,8.36830297397939e-06,2.06288040380693e-06,1.318163145373e-05,4.40429126855791e-06,2.93720914985614e-05,1.46623724556813e-05,7.4449871763273e-05,4.09616087650081e-05,0.01115601455944,0.019638349474136
49,2.73663979225701e-06,4.29600828795731e-07,8.62454767580355e-08,2.49709244079538e-08,2.30703896346128e-06,2.1643756322737e-06,2.45348687676808e-06,1.04629005362908e-06,9.48704635514447e-08,8.05260163243476e-06,9.88891138316163e-07,1.05513853218843e-05,2.12901945778163e-06,1.73895755618203e-05,6.0872744750671e-06,3.96531910931022e-05,1.73985173144358e-05,0.00724486854376964,0.0202496319236718
